"Time (s)","Latitude (°)","Longitude (°)","Height (m)","Velocity (m/s)","Direction (°)","Horizontal Accuracy (m)","Vertical Accuracy (°)"
3.179643154E-1,5.230673508E1,4.952390592E0,1.403017727E0,4.912925155E0,3.322285554E2,4.762912118E0,3.337544785E0
1.317978144E0,5.230678341E1,4.952344741E0,1.309054821E0,5.647768152E0,3.307922814E2,4.759412563E0,3.342533334E0
2.317990303E0,5.230683790E1,4.952302760E0,1.270973120E0,6.316905496E0,3.317913178E2,4.761042647E0,3.340211064E0
3.318001866E0,5.230689695E1,4.952250229E0,1.265722593E0,7.016721733E0,3.307024210E2,4.765885419E0,3.333297648E0
4.318013549E0,5.230696254E1,4.952194621E0,1.193474932E0,7.670446255E0,3.312424803E2,4.760609022E0,3.340829055E0
5.318023324E0,5.230703180E1,4.952129428E0,1.174153181E0,8.366407218E0,3.307834588E2,4.765791061E0,3.333432555E0
6.318032622E0,5.230710828E1,4.952059863E0,1.195412541E0,9.019480190E0,3.311958261E2,4.767719727E0,3.330673452E0
7.318042517E0,5.230718970E1,4.951985563E0,1.138887487E0,9.662171382E0,3.310039299E2,4.762439021E0,3.338219826E0
8.318051696E0,5.230727729E1,4.951914532E0,1.035088541E0,1.015509777E1,3.319634542E2,4.764666006E0,3.335040462E0
9.318059444E0,5.230736817E1,4.951825075E0,8.845788762E-1,1.101458653E1,3.309537950E2,4.767371060E0,3.331172498E0
1.031806743E1,5.230746488E1,4.951730033E0,9.035627125E-1,1.171430849E1,3.303828125E2,4.769001631E0,3.328837707E0
1.131807423E1,5.230756621E1,4.951628168E0,1.152606845E0,1.227618723E1,3.301353047E2,4.769770837E0,3.327735445E0
1.231808126E1,5.230766762E1,4.951537071E0,1.240622929E0,1.298043716E1,3.310532605E2,4.767091602E0,3.331572406E0
1.331808817E1,5.230777400E1,4.951424693E0,7.784263119E-1,1.361206600E1,3.307573040E2,4.762604495E0,3.337983741E0
1.431809402E1,5.230789255E1,4.951299718E0,5.179409999E-1,1.440098395E1,3.304243088E2,4.762882256E0,3.337587399E0
1.531810021E1,5.230801122E1,4.951161297E0,2.177219521E-1,1.504714633E1,3.307244658E2,4.765076583E0,3.334453807E0
1.631810510E1,5.230815814E1,4.951063129E0,5.308749713E-2,1.606804928E1,3.304841474E2,4.736443770E0,3.375001844E0
1.731811059E1,5.230828861E1,4.950928969E0,-1.740993019E-1,1.654179584E1,3.306743297E2,4.736395894E0,3.375069032E0
1.831811571E1,5.230842392E1,4.950797023E0,2.882151026E-1,1.702509480E1,3.307657354E2,4.737849023E0,3.373028857E0
1.931812036E1,5.230856059E1,4.950660845E0,8.443692029E-1,1.728892529E1,3.298219557E2,4.738450984E0,3.372183166E0
2.031812489E1,5.230869543E1,4.950533186E0,1.155038051E0,1.712532833E1,3.306329426E2,4.738951806E0,3.371479321E0
2.131812835E1,5.230882695E1,4.950407383E0,1.495988565E0,1.686122926E1,3.307167948E2,4.739301737E0,3.370987404E0
2.231813312E1,5.230895214E1,4.950287315E0,1.872697948E0,1.631267760E1,3.307957387E2,4.739613710E0,3.370548756E0
2.331813633E1,5.230907641E1,4.950166969E0,2.011127381E0,1.598810047E1,3.307789092E2,4.740077040E0,3.369897134E0
2.431814027E1,5.230919786E1,4.950047515E0,2.030791837E0,1.568144771E1,3.305402890E2,4.740158158E0,3.369783030E0
2.531814373E1,5.230931717E1,4.949933824E0,2.227987133E0,1.535203447E1,3.307650964E2,4.740315155E0,3.369562177E0
2.631814730E1,5.230943314E1,4.949821143E0,2.512755821E0,1.502330587E1,3.305099839E2,4.740102357E0,3.369861522E0
2.731814945E1,5.230954720E1,4.949714555E0,2.506531341E0,1.468273463E1,3.306922934E2,4.740750432E0,3.368949743E0
2.831815350E1,5.230965972E1,4.949608076E0,2.631984754E0,1.444186159E1,3.306819031E2,4.740443745E0,3.369381269E0
2.931815732E1,5.230976781E1,4.949504546E0,2.786061497E0,1.404897111E1,3.306058461E2,4.740365678E0,3.369491100E0
3.031815815E1,5.230987296E1,4.949404336E0,2.759040398E0,1.366777586E1,3.304353943E2,4.740779233E0,3.368909214E0
3.131816113E1,5.230997497E1,4.949308948E0,3.007872979E0,1.316953491E1,3.307396366E2,4.740637169E0,3.369109120E0
3.231816387E1,5.231007312E1,4.949214951E0,3.161355786E0,1.270216252E1,3.304762307E2,4.740987418E0,3.368616234E0
3.331816530E1,5.231016554E1,4.949129076E0,3.345570055E0,1.205298137E1,3.306193922E2,4.741113210E0,3.368439188E0
3.431816804E1,5.231025295E1,4.949047846E0,3.373786635E0,1.137569431E1,3.306038131E2,4.740717848E0,3.368995595E0
3.531817007E1,5.231033408E1,4.948971715E0,3.566503773E0,1.063254159E1,3.305746480E2,4.740739708E0,3.368964834E0
3.631817222E1,5.231041047E1,4.948901982E0,3.515769040E0,9.943712479E0,3.307447761E2,4.740840362E0,3.368823192E0
3.731817520E1,5.231048155E1,4.948836184E0,3.630103533E0,9.251577404E0,3.307115304E2,4.740821765E0,3.368849362E0
3.831817663E1,5.231054819E1,4.948772686E0,3.738774050E0,8.664344746E0,3.304101763E2,4.740697021E0,3.369024902E0
3.931817806E1,5.231060879E1,4.948716362E0,3.850891356E0,7.929799810E0,3.304966341E2,4.740070352E0,3.369906540E0
4.031818008E1,5.231066757E1,4.948661901E0,3.850806589E0,7.526889662E0,3.306503182E2,4.740131141E0,3.369821034E0
4.131818175E1,5.231072258E1,4.948609510E0,3.826895219E0,7.131576454E0,3.303990382E2,4.740222078E0,3.369693114E0
4.231818306E1,5.231077295E1,4.948563873E0,3.881709460E0,6.570828127E0,3.305207968E2,4.739535079E0,3.370659322E0
4.331818545E1,5.231082019E1,4.948519908E0,3.920125992E0,6.129812165E0,3.306827582E2,4.739211971E0,3.371113603E0
4.431818688E1,5.231086487E1,4.948478260E0,3.746851126E0,5.788616630E0,3.304146391E2,4.739364462E0,3.370899217E0
4.531818771E1,5.231090630E1,4.948440919E0,3.774903246E0,5.397270394E0,3.306732071E2,4.739029382E0,3.371370277E0
4.631818914E1,5.231094456E1,4.948404407E0,3.761553634E0,5.022503084E0,3.302350702E2,4.739036502E0,3.371360269E0
4.731819129E1,5.231098080E1,4.948370526E0,3.807250829E0,4.706541264E0,3.306194387E2,4.738266091E0,3.372442955E0
4.831819272E1,5.231101400E1,4.948337681E0,3.618534831E0,4.355361405E0,3.304304508E2,4.738089022E0,3.372691722E0
4.931819320E1,5.231104558E1,4.948307638E0,3.543773990E0,4.067033032E0,3.305726367E2,4.738555990E0,3.372035612E0
5.031819522E1,5.231107352E1,4.948279498E0,3.319940693E0,3.686240477E0,3.303425313E2,4.738099448E0,3.372677075E0
5.131819618E1,5.231109729E1,4.948259896E0,3.260256832E0,3.173758359E0,3.320832563E2,4.738330416E0,3.372352577E0
5.231819713E1,5.231112199E1,4.948238154E0,3.241943832E0,3.040476717E0,3.316662005E2,4.738131505E0,3.372632040E0
5.331819785E1,5.231113917E1,4.948225869E0,2.931621278E0,2.377174685E0,3.324096375E2,4.737473540E0,3.373556208E0
5.431819963E1,5.231115509E1,4.948212094E0,2.793568843E0,2.027753883E0,3.317361537E2,4.737102601E0,3.374077056E0
5.531820118E1,5.231116661E1,4.948204982E0,2.556496062E0,1.629284146E0,3.319792635E2,4.737268501E0,3.373844126E0
5.631820178E1,5.231117235E1,4.948199942E0,2.474586216E0,1.137317628E0,3.282243984E2,4.737297088E0,3.373803986E0
5.731820250E1,5.231117216E1,4.948204018E0,2.146509610E0,4.179670059E-1,3.298243189E2,4.736412042E0,3.375046371E0
5.831820452E1,5.231117095E1,4.948210678E0,1.971338848E0,4.728737232E-2,3.298243243E2,4.737557592E0,3.373438172E0
5.931820488E1,5.231117050E1,4.948211053E0,1.828644349E0,1.003083441E-1,3.298243246E2,4.737852225E0,3.373024360E0
6.031820560E1,5.231116991E1,4.948211491E0,1.830204140E0,0.000000000E0,3.298243249E2,4.738575352E0,3.372008403E0
6.131820679E1,5.231116991E1,4.948211491E0,1.830204140E0,0.000000000E0,3.298243249E2,4.738397928E0,3.372257717E0
6.231820869E1,5.231116991E1,4.948211491E0,1.830204140E0,0.000000000E0,3.298243249E2,4.738436680E0,3.372203265E0
6.331820905E1,5.231116991E1,4.948211491E0,1.830204140E0,0.000000000E0,3.298243249E2,4.738130514E0,3.372633432E0
6.431821001E1,5.231116991E1,4.948211491E0,1.830204140E0,0.000000000E0,3.298243249E2,4.738451342E0,3.372182664E0
6.531821072E1,5.231116991E1,4.948211491E0,1.830204140E0,0.000000000E0,3.298243249E2,4.738480500E0,3.372141691E0
6.631821227E1,5.231116991E1,4.948211491E0,1.830204140E0,0.000000000E0,3.298243249E2,4.738549401E0,3.372044870E0
6.731821346E1,5.231116991E1,4.948211491E0,1.830204140E0,0.000000000E0,3.298243249E2,4.738910982E0,3.371536703E0
6.831821382E1,5.231116991E1,4.948211491E0,1.830204140E0,0.000000000E0,3.298243249E2,4.739008798E0,3.371399212E0
6.931821418E1,5.231116991E1,4.948211491E0,1.830204140E0,0.000000000E0,3.298243249E2,4.738837981E0,3.371639308E0
7.031821609E1,5.231116991E1,4.948211491E0,1.830204140E0,0.000000000E0,3.298243249E2,4.738834062E0,3.371644816E0
7.131821632E1,5.231116991E1,4.948211491E0,1.830204140E0,0.000000000E0,3.298243249E2,4.738343198E0,3.372334617E0
7.231821740E1,5.231117424E1,4.948251421E0,1.542349564E0,2.886693487E-2,3.298243574E2,4.738035745E0,3.372766566E0
7.331821847E1,5.231117416E1,4.948251569E0,1.537384065E0,0.000000000E0,3.298243575E2,4.738291999E0,3.372406554E0
7.431821883E1,5.231117416E1,4.948251569E0,1.537384065E0,0.000000000E0,3.298243575E2,4.738274635E0,3.372430950E0
7.531822038E1,5.231117416E1,4.948251569E0,1.537384065E0,0.000000000E0,3.298243575E2,4.738257517E0,3.372455001E0
7.631822133E1,5.231117616E1,4.948263642E0,1.758613102E0,7.763506063E-2,3.298243673E2,4.738102637E0,3.372672595E0
7.731822217E1,5.231117585E1,4.948266262E0,1.923497805E0,1.282041988E-2,3.298243694E2,4.738032693E0,3.372770853E0
7.831822252E1,5.231117372E1,4.948267333E0,1.639174000E0,0.000000000E0,3.298243703E2,4.738192118E0,3.372546884E0
7.931822407E1,5.231117372E1,4.948267333E0,1.639174000E0,0.000000000E0,3.298243703E2,4.738290334E0,3.372408893E0
8.031822383E1,5.231117645E1,4.948272342E0,2.032574960E0,0.000000000E0,3.298243744E2,4.738386130E0,3.372274295E0
8.131822598E1,5.231117712E1,4.948272638E0,2.143870189E0,3.869456588E-2,3.298243746E2,4.738391670E0,3.372266510E0
8.231822586E1,5.231117683E1,4.948272927E0,2.119995070E0,0.000000000E0,3.298243749E2,4.738468996E0,3.372157857E0
8.331822717E1,5.231117683E1,4.948272927E0,2.119995070E0,0.000000000E0,3.298243749E2,4.738676312E0,3.371866523E0
8.431822789E1,5.231117683E1,4.948272927E0,2.119995070E0,0.000000000E0,3.298243749E2,4.738777965E0,3.371723659E0
8.531822884E1,5.231117683E1,4.948272927E0,2.119995070E0,0.000000000E0,3.298243749E2,4.738580542E0,3.372001109E0
8.631822979E1,5.231117683E1,4.948272927E0,2.119995070E0,0.000000000E0,3.298243749E2,4.738656673E0,3.371894122E0
8.731823003E1,5.231117944E1,4.948276986E0,1.808839499E0,7.113604134E-2,3.298243782E2,4.738430857E0,3.372211448E0
8.831823111E1,5.231117921E1,4.948277220E0,1.801451762E0,0.000000000E0,3.298243784E2,4.738615843E0,3.371951501E0
8.931823146E1,5.231119157E1,4.948267338E0,1.656942670E0,9.164429929E-1,3.326646627E2,4.737866390E0,3.373004462E0
9.031823289E1,5.231119633E1,4.948264219E0,1.608940383E0,0.000000000E0,3.339434345E2,4.737433857E0,3.373611934E0
9.131823349E1,5.231119633E1,4.948264219E0,1.608940383E0,0.000000000E0,3.339434345E2,4.737079181E0,3.374109937E0
9.231823397E1,5.231126569E1,4.948203364E0,1.297982323E0,3.423585977E0,3.319819476E2,4.738253652E0,3.372460431E0
9.331823492E1,5.231130350E1,4.948165690E0,9.124750374E-1,4.278819041E0,3.296023473E2,4.739582591E0,3.370592514E0
9.431823599E1,5.231135032E1,4.948126153E0,9.019554695E-1,5.217655604E0,3.305170082E2,4.738919546E0,3.371524666E0
9.531823671E1,5.231140208E1,4.948077030E0,8.591377297E-1,6.083417100E0,3.304313759E2,4.737411996E0,3.373642633E0
9.631823790E1,5.231146106E1,4.948033852E0,1.396987583E0,6.781757215E0,3.327422342E2,4.736106609E0,3.375474962E0
9.731823897E1,5.231152508E1,4.947977482E0,1.672595166E0,7.581580547E0,3.312937489E2,4.737589326E0,3.373393605E0
9.831823921E1,5.231159420E1,4.947904151E0,2.328017131E0,8.359874547E0,3.294952497E2,4.739403574E0,3.370844226E0
9.931809938E1,5.231166949E1,4.947814999E0,2.398801579E0,9.326967108E0,3.272415185E2,4.737247781E0,3.373873219E0
1.003180985E2,5.231175676E1,4.947736027E0,2.429106623E0,1.028171165E1,3.299910453E2,4.730310587E0,3.383592585E0
1.013180995E2,5.231183932E1,4.947646731E0,2.350290861E0,1.070425302E1,3.302355698E2,4.732498084E0,3.380532343E0
1.023181014E2,5.231193752E1,4.947544912E0,1.616879337E0,1.175492946E1,3.299864150E2,4.728675978E0,3.385876626E0
1.033181034E2,5.231204157E1,4.947443029E0,1.213255077E0,1.260031378E1,3.304924925E2,4.718767354E0,3.399672291E0
1.043181077E2,5.231215794E1,4.947329332E0,1.427834558E0,1.381520545E1,3.306221414E2,4.723919283E0,3.392509933E0
1.053181138E2,5.231226562E1,4.947215107E0,1.201603333E0,1.399801004E1,3.291735619E2,4.728073711E0,3.386717587E0
1.063181195E2,5.231239154E1,4.947096718E0,1.655113837E0,1.478325091E1,3.290636900E2,4.730899465E0,3.382769175E0
1.073181230E2,5.231252349E1,4.946983680E0,9.068051027E-1,1.556938792E1,3.307105475E2,4.742164446E0,3.366959073E0
1.083181270E2,5.231266487E1,4.946852124E0,1.059840386E0,1.685534124E1,3.307571802E2,4.753349117E0,3.351150430E0
1.093181292E2,5.231279984E1,4.946718626E0,8.398348913E-1,1.738079191E1,3.302209294E2,4.752662268E0,3.352124461E0
1.103181310E2,5.231294364E1,4.946600008E0,2.582876326E0,1.751082126E1,3.319501227E2,4.741507933E0,3.367883542E0
1.113181312E2,5.231308884E1,4.946464410E0,2.562874639E0,1.786785611E1,3.314742125E2,4.709328635E0,3.412735097E0
1.123181320E2,5.231322766E1,4.946332915E0,1.901900657E0,1.785529754E1,3.307025870E2,4.711170327E0,3.410192250E0
1.133181384E2,5.231336806E1,4.946206882E0,2.136239048E0,1.767495019E1,3.308702104E2,4.710255211E0,3.411456123E0
1.143181412E2,5.231351460E1,4.946068560E0,2.407595034E0,1.798890951E1,3.304348709E2,4.709765673E0,3.412131934E0
1.153181456E2,5.231365715E1,4.945940704E0,2.860808285E0,1.786002807E1,3.306675290E2,4.711691509E0,3.409472123E0
1.163181486E2,5.231379949E1,4.945812019E0,3.130021342E0,1.785298762E1,3.308922529E2,4.713485619E0,3.406991394E0
1.173181510E2,5.231394331E1,4.945682765E0,3.653517865E0,1.784608339E1,3.305905824E2,4.716445259E0,3.402893056E0
1.183181547E2,5.231408444E1,4.945554707E0,3.784849549E0,1.780410072E1,3.308860994E2,4.718213648E0,3.400440707E0
1.193181572E2,5.231422342E1,4.945423943E0,3.790148830E0,1.777539509E1,3.306624447E2,4.719925184E0,3.398064639E0
1.203181607E2,5.231436263E1,4.945292294E0,3.582642327E0,1.777395137E1,3.306957238E2,4.720760812E0,3.396903647E0
1.213181630E2,5.231449966E1,4.945165256E0,3.072121015E0,1.748846052E1,3.305598409E2,4.723173236E0,3.393548528E0
1.223181658E2,5.231464100E1,4.945036534E0,3.403334034E0,1.773928339E1,3.309007369E2,4.724895613E0,3.391150023E0
1.233181679E2,5.231477875E1,4.944905754E0,3.376850441E0,1.769160804E1,3.305669085E2,4.726395522E0,3.389059221E0
1.243181704E2,5.231491617E1,4.944776659E0,3.395135640E0,1.762098713E1,3.305858064E2,4.726836218E0,3.388444541E0
1.253181728E2,5.231505237E1,4.944652673E0,3.313388422E0,1.746605143E1,3.308795555E2,4.727865341E0,3.387008467E0
1.263181748E2,5.231519029E1,4.944526776E0,3.333046678E0,1.750645823E1,3.310230933E2,4.728175007E0,3.386576167E0
1.273181775E2,5.231532701E1,4.944398290E0,3.208584964E0,1.754073442E1,3.305107929E2,4.729316187E0,3.384982340E0
1.283181790E2,5.231546416E1,4.944274299E0,3.267250113E0,1.747997653E1,3.307952449E2,4.729932969E0,3.384120438E0
1.293181828E2,5.231560051E1,4.944148652E0,3.154389678E0,1.745355101E1,3.307361917E2,4.730300133E0,3.383607200E0
1.303181841E2,5.231573440E1,4.944022321E0,3.216400756E0,1.726309804E1,3.304890933E2,4.730446046E0,3.383403203E0
1.313181859E2,5.231586737E1,4.943900690E0,3.186187312E0,1.699112789E1,3.308088472E2,4.730940787E0,3.382711383E0
1.323181882E2,5.231599571E1,4.943777195E0,3.215540385E0,1.655645555E1,3.301292578E2,4.732131467E0,3.381045520E0
1.333181900E2,5.231612528E1,4.943667562E0,3.257471822E0,1.615260499E1,3.315862359E2,4.732676983E0,3.380281883E0
1.343181915E2,5.231624507E1,4.943553913E0,3.248172678E0,1.555581712E1,3.306499038E2,4.732621089E0,3.380360138E0
1.353181931E2,5.231636349E1,4.943450726E0,3.285314491E0,1.503133728E1,3.311057599E2,4.731995053E0,3.381236439E0
1.363181949E2,5.231647671E1,4.943348822E0,3.429907187E0,1.453301793E1,3.309353645E2,4.731607690E0,3.381778482E0
1.373181963E2,5.231658470E1,4.943251604E0,3.670321207E0,1.394522940E1,3.307776820E2,4.731224975E0,3.382313893E0
1.383181989E2,5.231668770E1,4.943160256E0,3.928004798E0,1.330079299E1,3.308925903E2,4.730191241E0,3.383759427E0
1.393182005E2,5.231678936E1,4.943074656E0,4.628799066E0,1.283349282E1,3.315714713E2,4.728091312E0,3.386693015E0
1.403182013E2,5.231688890E1,4.942984468E0,4.701551310E0,1.265527991E1,3.310771363E2,4.726424753E0,3.389018455E0
1.413182039E2,5.231698379E1,4.942899239E0,4.434971649E0,1.225844679E1,3.309358698E2,4.724991636E0,3.391016230E0
1.423182055E2,5.231707587E1,4.942816554E0,4.136241058E0,1.192700861E1,3.308224495E2,4.727963601E0,3.386871303E0
1.433182069E2,5.231716203E1,4.942734103E0,4.058236774E0,1.138374063E1,3.299232692E2,4.727981109E0,3.386846862E0
1.443182083E2,5.231724587E1,4.942655604E0,4.210156164E0,1.088358370E1,3.297846523E2,4.728933372E0,3.385517124E0
1.453182093E2,5.231732734E1,4.942583158E0,4.299689038E0,1.044788035E1,3.307979197E2,4.729397696E0,3.384868457E0
1.463182117E2,5.231740466E1,4.942511541E0,4.334148233E0,9.960319936E0,3.306857845E2,4.729979726E0,3.384055086E0
1.473182125E2,5.231747977E1,4.942444230E0,4.605908156E0,9.523331845E0,3.308202641E2,4.730724193E0,3.383014284E0
1.483182137E2,5.231755019E1,4.942379785E0,4.413248882E0,9.007638582E0,3.307503165E2,4.731846905E0,3.381443760E0
1.493182155E2,5.231761818E1,4.942315593E0,4.351135973E0,8.703507959E0,3.308022063E2,4.732299109E0,3.380810876E0
1.503182175E2,5.231768236E1,4.942255921E0,4.313521533E0,8.320295954E0,3.307712301E2,4.733004957E0,3.379822645E0
1.513182186E2,5.231774475E1,4.942198097E0,4.106734945E0,7.931767544E0,3.307661610E2,4.733386079E0,3.379288868E0
1.523182195E2,5.231780325E1,4.942144977E0,4.025953685E0,7.423492705E0,3.311647256E2,4.733393751E0,3.379278123E0
1.533182213E2,5.231785652E1,4.942101386E0,3.696587605E0,6.842287153E0,3.324767227E2,4.733150585E0,3.379618703E0
1.543182236E2,5.231790828E1,4.942058710E0,3.234974240E0,6.386369989E0,3.330705453E2,4.733456349E0,3.379190439E0
1.553182241E2,5.231795670E1,4.942016156E0,3.032990454E0,6.047993314E0,3.328696115E2,4.732974816E0,3.379864854E0
1.563182253E2,5.231800000E1,4.941972697E0,3.005763196E0,5.701917798E0,3.315154285E2,4.732785783E0,3.380129548E0
1.573182284E2,5.231804083E1,4.941935073E0,2.861606153E0,5.255627342E0,3.310602220E2,4.732757252E0,3.380169497E0
1.583182286E2,5.231807767E1,4.941901678E0,2.698911362E0,4.798367539E0,3.307597102E2,4.732705261E0,3.380242290E0
1.593182293E2,5.231811001E1,4.941874816E0,2.592915546E0,4.261196001E0,3.309475716E2,4.732471330E0,3.380569796E0
1.603182309E2,5.231813605E1,4.941852030E0,2.485224852E0,3.502339198E0,3.308242995E2,4.732120133E0,3.381061384E0
1.613182322E2,5.231815695E1,4.941834602E0,2.345098751E0,2.809660411E0,3.306011541E2,4.730815830E0,3.382886136E0
1.623182333E2,5.231817042E1,4.941824326E0,2.378087468E0,1.969069677E0,3.302503187E2,4.729334902E0,3.384956191E0
1.633182352E2,5.231818025E1,4.941817248E0,2.322442154E0,1.411284970E0,3.301392045E2,4.728778789E0,3.385733037E0
1.643182362E2,5.231818529E1,4.941813802E0,2.212771760E0,7.607281750E-1,3.300544504E2,4.733614056E0,3.378969518E0
1.653182372E2,5.231818678E1,4.941814176E0,2.118554588E0,2.788980719E-1,3.300544507E2,4.734528119E0,3.377688636E0
1.663182387E2,5.231818582E1,4.941814000E0,1.899165718E0,8.148445887E-2,3.300544506E2,4.734762766E0,3.377359705E0
1.673182395E2,5.231818555E1,4.941812779E0,1.793971092E0,9.978028887E-2,3.300544496E2,4.734865651E0,3.377215465E0
1.683182412E2,5.231818547E1,4.941813411E0,1.730065754E0,6.793468897E-2,3.300544501E2,4.734726693E0,3.377410277E0
1.693182425E2,5.231818514E1,4.941813219E0,1.717691356E0,0.000000000E0,3.300544500E2,4.734967150E0,3.377073160E0
1.703182440E2,5.231818514E1,4.941813219E0,1.717691356E0,0.000000000E0,3.300544500E2,4.735086912E0,3.376905235E0
1.713182460E2,5.231818554E1,4.941820649E0,1.849395961E0,0.000000000E0,3.300544559E2,4.735485091E0,3.376346840E0
1.723182456E2,5.231818554E1,4.941820649E0,1.849395961E0,0.000000000E0,3.300544559E2,4.735841210E0,3.375847311E0
1.733182473E2,5.231818554E1,4.941820649E0,1.849395961E0,0.000000000E0,3.300544559E2,4.736377807E0,3.375094414E0
1.743182492E2,5.231818554E1,4.941820649E0,1.849395961E0,0.000000000E0,3.300544559E2,4.735788999E0,3.375920555E0
1.753182514E2,5.231818554E1,4.941820649E0,1.849395961E0,0.000000000E0,3.300544559E2,4.734689474E0,3.377462453E0
1.763182515E2,5.231818554E1,4.941820649E0,1.849395961E0,0.000000000E0,3.300544559E2,4.733341632E0,3.379351125E0
1.773182529E2,5.231818830E1,4.941837127E0,1.593111884E0,5.117867517E-3,3.300544689E2,4.736987456E0,3.374238710E0
1.783182536E2,5.231818840E1,4.941838874E0,1.493285988E0,0.000000000E0,3.300544703E2,4.737068340E0,3.374125157E0
1.793182551E2,5.231818840E1,4.941838874E0,1.493285988E0,0.000000000E0,3.300544703E2,4.737211539E0,3.373924105E0
1.803182569E2,5.231818928E1,4.941847767E0,1.344197667E0,8.179367796E-3,3.300544773E2,4.737243027E0,3.373879893E0
1.813182571E2,5.231818923E1,4.941850539E0,1.215254031E0,4.449203610E-3,3.300544795E2,4.737361372E0,3.373713719E0
1.823182595E2,5.231818922E1,4.941850556E0,1.215257316E0,0.000000000E0,3.300544796E2,4.737091803E0,3.374092216E0
1.833182604E2,5.231819062E1,4.941855390E0,1.059847896E0,3.100283045E-1,3.300544834E2,4.737256344E0,3.373861196E0
1.843182616E2,5.231819855E1,4.941851031E0,9.491695408E-1,8.984741535E-1,3.300544799E2,4.737353899E0,3.373724213E0
1.853182633E2,5.231821219E1,4.941841136E0,9.359762464E-1,1.623246364E0,3.300544721E2,4.737458569E0,3.373577232E0
1.863182634E2,5.231823022E1,4.941825277E0,8.203856014E-1,2.197699915E0,3.298856332E2,4.736907569E0,3.374350859E0
1.873182653E2,5.231825359E1,4.941803914E0,7.575286152E-1,2.832160968E0,3.296226981E2,4.734655425E0,3.377510184E0
1.883182656E2,5.231828259E1,4.941778300E0,7.487882022E-1,3.497889029E0,3.298117118E2,4.733721002E0,3.378819691E0
1.893182676E2,5.231831868E1,4.941752598E0,9.217606690E-1,4.255855908E0,3.309533146E2,4.733128846E0,3.379649147E0
1.903182683E2,5.231835922E1,4.941722141E0,9.843771383E-1,4.920978544E0,3.316653248E2,4.732594224E0,3.380397749E0
1.913182701E2,5.231840481E1,4.941683757E0,1.163339317E0,5.607552273E0,3.317070948E2,4.732431061E0,3.380626168E0
1.923182709E2,5.231845521E1,4.941640740E0,1.213387943E0,6.239928381E0,3.314291333E2,4.732771716E0,3.380149245E0
1.933182722E2,5.231851093E1,4.941594427E0,1.257660609E0,6.962228916E0,3.313493401E2,4.732853747E0,3.380034385E0
1.943182739E2,5.231857126E1,4.941543016E0,1.195010020E0,7.609305272E0,3.313894309E2,4.732427481E0,3.380631179E0
1.953182746E2,5.231863670E1,4.941487127E0,1.219417731E0,8.255300104E0,3.314794786E2,4.732368394E0,3.380713892E0
1.963182766E2,5.231870676E1,4.941423795E0,1.150083890E0,8.859384909E0,3.312570264E2,4.731953682E0,3.381294335E0
1.973182781E2,5.231878217E1,4.941358259E0,1.341982157E0,9.511283379E0,3.312988574E2,4.732574727E0,3.380425045E0
1.983182784E2,5.231886314E1,4.941288901E0,1.438824418E0,1.021479010E1,3.313505811E2,4.732556981E0,3.380449890E0
1.993182799E2,5.231894927E1,4.941214006E0,1.417695646E0,1.088303128E1,3.314362245E2,4.732233216E0,3.380903107E0
2.003182814E2,5.231903926E1,4.941133483E0,1.456008602E0,1.143631476E1,3.310012322E2,4.732633950E0,3.380342132E0
2.013182833E2,5.231913472E1,4.941051317E0,1.711423186E0,1.212456961E1,3.309844344E2,4.733379749E0,3.379297735E0
2.023182833E2,5.231923550E1,4.940961361E0,1.717722555E0,1.276451075E1,3.310089392E2,4.733294894E0,3.379416588E0
2.033182847E2,5.231934141E1,4.940869767E0,1.908830808E0,1.339925774E1,3.313154452E2,4.733311465E0,3.379393379E0
2.043182861E2,5.231945123E1,4.940768616E0,1.970732436E0,1.399441198E1,3.316060997E2,4.733110881E0,3.379674306E0
2.053182876E2,5.231956233E1,4.940650049E0,1.323401779E0,1.462699415E1,3.310065128E2,4.733409038E0,3.379256711E0
2.063182884E2,5.231967904E1,4.940529336E0,9.818762653E-1,1.512111755E1,3.308441539E2,4.733822734E0,3.378677161E0
2.073182893E2,5.231979986E1,4.940407712E0,9.688233184E-1,1.566879662E1,3.306461159E2,4.734260676E0,3.378063482E0
2.083182914E2,5.231992683E1,4.940281427E0,1.124412915E0,1.611222216E1,3.307028182E2,4.734239249E0,3.378093511E0
2.093182921E2,5.232005508E1,4.940155975E0,1.223563548E0,1.653760447E1,3.307172769E2,4.734106591E0,3.378279417E0
2.103182935E2,5.232018586E1,4.940026935E0,1.286532824E0,1.691963374E1,3.306913194E2,4.734248838E0,3.378080072E0
2.113182942E2,5.232031990E1,4.939897286E0,1.511810466E0,1.719859580E1,3.306367453E2,4.734580259E0,3.377615550E0
2.123182964E2,5.232045597E1,4.939766905E0,1.697038898E0,1.741400605E1,3.306309671E2,4.734699738E0,3.377448064E0
2.133182962E2,5.232059339E1,4.939634966E0,1.858155515E0,1.748491285E1,3.306041688E2,4.734988472E0,3.377043263E0
2.143182976E2,5.232072847E1,4.939504016E0,2.003791580E0,1.738224640E1,3.304695112E2,4.735638532E0,3.376131622E0
2.153182995E2,5.232086207E1,4.939374627E0,2.228085190E0,1.722485934E1,3.302212166E2,4.735938017E0,3.375711500E0
2.163183006E2,5.232099347E1,4.939248317E0,2.585913319E0,1.687536446E1,3.299999375E2,4.736207306E0,3.375333671E0
2.173183018E2,5.232112081E1,4.939126452E0,2.876429856E0,1.637640875E1,3.298695522E2,4.736475693E0,3.374957043E0
2.183183029E2,5.232124563E1,4.939007874E0,3.553961670E0,1.596411900E1,3.297476642E2,4.737911913E0,3.372940518E0
2.193183054E2,5.232136495E1,4.938892009E0,4.105406210E0,1.547193752E1,3.294532761E2,4.738919089E0,3.371525308E0
2.203183050E2,5.232147968E1,4.938779420E0,4.497689485E0,1.482883379E1,3.292439935E2,4.739835462E0,3.370236909E0
2.213183069E2,5.232158935E1,4.938669705E0,4.987846873E0,1.427325689E1,3.289224847E2,4.740680990E0,3.369047460E0
2.223183079E2,5.232169644E1,4.938563672E0,5.388185100E0,1.384142714E1,3.289839807E2,4.741347532E0,3.368109353E0
2.233183092E2,5.232179880E1,4.938459582E0,5.729579707E0,1.335652561E1,3.287551357E2,4.741691108E0,3.367625643E0
2.243183103E2,5.232189825E1,4.938358758E0,6.002659629E0,1.296735811E1,3.288294452E2,4.742096204E0,3.367055186E0
2.253180468E2,5.232199405E1,4.938261413E0,6.229231559E0,1.259275032E1,3.285722275E2,4.742405782E0,3.366619139E0
2.263180430E2,5.232208665E1,4.938165853E0,6.359961760E0,1.217333588E1,3.283081998E2,4.742636454E0,3.366294179E0
2.273180448E2,5.232217639E1,4.938072971E0,6.489827294E0,1.181242860E1,3.280915260E2,4.742905371E0,3.365915281E0
2.283180450E2,5.232226324E1,4.937983142E0,6.646334825E0,1.142623300E1,3.279283214E2,4.743094621E0,3.365648592E0
2.293180459E2,5.232234730E1,4.937896032E0,6.762784565E0,1.105820242E1,3.278358941E2,4.742746925E0,3.366138535E0
2.303180529E2,5.232242826E1,4.937811318E0,6.835589989E0,1.066430216E1,3.277028251E2,4.742186346E0,3.366928228E0
2.313180578E2,5.232250591E1,4.937730557E0,6.937426993E0,1.026853532E1,3.277135099E2,4.741606041E0,3.367745416E0
2.323180639E2,5.232257952E1,4.937652773E0,7.049017737E0,9.811752344E0,3.275305399E2,4.741310258E0,3.368161823E0
2.333180703E2,5.232264931E1,4.937579040E0,7.067570806E0,9.281352383E0,3.275052463E2,4.741029433E0,3.368557102E0
2.343180717E2,5.232271583E1,4.937507943E0,7.034054571E0,8.867558047E0,3.273843995E2,4.740847901E0,3.368812583E0
2.353180736E2,5.232277899E1,4.937440412E0,7.099196280E0,8.401500645E0,3.272886619E2,4.740423936E0,3.369409138E0
2.363180788E2,5.232283843E1,4.937377366E0,7.155283456E0,7.876920305E0,3.272557101E2,4.740283619E0,3.369606541E0
2.373180779E2,5.232289372E1,4.937318679E0,7.198687527E0,7.377134739E0,3.272230081E2,4.739950417E0,3.370075233E0
2.383180785E2,5.232294446E1,4.937264772E0,7.175865393E0,6.833601666E0,3.272366757E2,4.739755585E0,3.370349245E0
2.393180857E2,5.232299084E1,4.937215289E0,7.254002550E0,6.203284584E0,3.272384087E2,4.739761160E0,3.370341403E0
2.403180871E2,5.232303044E1,4.937172346E0,7.284456382E0,5.416216093E0,3.271509116E2,4.739045410E0,3.371347747E0
2.413180887E2,5.232306514E1,4.937135907E0,7.172632391E0,4.703725890E0,3.273246597E2,4.738237949E0,3.372482494E0
2.423180906E2,5.232309225E1,4.937107633E0,7.292193219E0,3.895428470E0,3.271093130E2,4.737458948E0,3.373576699E0
2.433180925E2,5.232311288E1,4.937083457E0,7.304472887E0,2.996539236E0,3.261734267E2,4.736276200E0,3.375236998E0
2.443180941E2,5.232312768E1,4.937067108E0,7.293841196E0,2.120538353E0,3.256930256E2,4.735602183E0,3.376182608E0
2.453180960E2,5.232313315E1,4.937058915E0,7.383511234E0,1.090156473E0,3.243315198E2,4.737504127E0,3.373513255E0
2.463180968E2,5.232313393E1,4.937057200E0,7.382471676E0,2.201788073E-1,3.243315185E2,4.742582142E0,3.366370695E0
2.473180987E2,5.232313398E1,4.937055802E0,7.309671303E0,1.379486442E-1,3.243315173E2,4.742573805E0,3.366382441E0
2.483181007E2,5.232313555E1,4.937053184E0,7.165709479E0,6.350901957E-2,3.243315153E2,4.742714105E0,3.366184777E0
2.493181031E2,5.232314164E1,4.937050912E0,7.239460274E0,6.859949455E-2,3.243315135E2,4.738386541E0,3.372273717E0
2.503181040E2,5.232314394E1,4.937050066E0,7.449007310E0,1.346661861E-1,3.243315128E2,4.739186021E0,3.371150085E0
2.513181061E2,5.232314378E1,4.937049828E0,7.587839535E0,9.850556813E-2,3.243315126E2,4.740003927E0,3.369999971E0
2.523181067E2,5.232314558E1,4.937050448E0,7.677471679E0,7.812090578E-2,3.243315131E2,4.740182325E0,3.369749035E0
2.533181094E2,5.232314616E1,4.937051055E0,7.900141943E0,2.488651614E-2,3.243315136E2,4.740674024E0,3.369057261E0
2.543181109E2,5.232314675E1,4.937049930E0,7.913665320E0,4.417862516E-2,3.243315127E2,4.740965801E0,3.368646658E0
2.553181134E2,5.232314690E1,4.937049454E0,8.065050501E0,1.218416407E-2,3.243315123E2,4.741218142E0,3.368291491E0
2.563181144E2,5.232314825E1,4.937048303E0,8.077043260E0,0.000000000E0,3.243315114E2,4.741448007E0,3.367967908E0
2.573181157E2,5.232314874E1,4.937047081E0,8.133776716E0,2.650890610E-2,3.243315105E2,4.741033370E0,3.368551560E0
2.583181175E2,5.232314917E1,4.937047874E0,8.251748469E0,0.000000000E0,3.243315111E2,4.740659768E0,3.369077322E0
2.593181210E2,5.232314917E1,4.937047874E0,8.251748469E0,0.000000000E0,3.243315111E2,4.740187259E0,3.369742095E0
2.603181216E2,5.232314917E1,4.937047874E0,8.251748469E0,0.000000000E0,3.243315111E2,4.739532441E0,3.370663032E0
2.613181237E2,5.232314917E1,4.937047874E0,8.251748469E0,0.000000000E0,3.243315111E2,4.739269094E0,3.371033296E0
2.623181250E2,5.232314754E1,4.937048332E0,8.260073685E0,0.000000000E0,3.243315115E2,4.740446765E0,3.369377020E0
2.633181266E2,5.232314754E1,4.937048332E0,8.260073685E0,0.000000000E0,3.243315115E2,4.739656211E0,3.370488990E0
2.643181289E2,5.232314754E1,4.937048332E0,8.260073685E0,0.000000000E0,3.243315115E2,4.739129669E0,3.371229303E0
2.653181301E2,5.232314754E1,4.937048332E0,8.260073685E0,0.000000000E0,3.243315115E2,4.738734390E0,3.371784900E0
2.663181317E2,5.232316102E1,4.937030692E0,8.112914611E0,1.262582052E0,3.243314975E2,4.738505067E0,3.372107170E0
2.673181336E2,5.232317547E1,4.937013202E0,8.132648893E0,2.056928449E0,3.238227553E2,4.739006841E0,3.371401963E0
2.683181354E2,5.232319201E1,4.936992004E0,8.189317753E0,2.551947132E0,3.229222813E2,4.736260716E0,3.375258726E0
2.693181369E2,5.232321598E1,4.936963236E0,8.398866030E0,3.282410404E0,3.235111658E2,4.734887605E0,3.377184686E0
2.703181381E2,5.232324493E1,4.936930041E0,8.516343398E0,3.977654467E0,3.241641369E2,4.735016000E0,3.377004666E0
2.713181406E2,5.232328280E1,4.936898466E0,8.489473491E0,4.641292300E0,3.277496449E2,4.733589085E0,3.379004500E0
2.723181419E2,5.232333418E1,4.936853080E0,8.674179680E0,5.726594247E0,3.293472270E2,4.734379898E0,3.377896389E0
2.733181446E2,5.232337994E1,4.936800964E0,8.850461231E0,6.126624497E0,3.278841106E2,4.735961118E0,3.375679090E0
2.743181462E2,5.232342994E1,4.936739617E0,9.059945879E0,6.693427887E0,3.256888737E2,4.736146590E0,3.375418865E0
2.753181471E2,5.232350617E1,4.936647826E0,9.334133950E0,8.286905475E0,3.247995524E2,4.738853737E0,3.371617163E0
2.763181499E2,5.232359253E1,4.936553216E0,9.375784632E0,9.674039259E0,3.255338019E2,4.739503943E0,3.370703103E0
2.773181508E2,5.232368313E1,4.936455110E0,9.093315096E0,1.080134532E1,3.259236348E2,4.738221665E0,3.372505372E0
2.783181528E2,5.232378441E1,4.936350092E0,9.174450066E0,1.192867139E1,3.264211555E2,4.735969179E0,3.375667782E0
2.793181551E2,5.232388226E1,4.936243056E0,8.659154037E0,1.272172105E1,3.267121933E2,4.736174712E0,3.375379406E0
2.803181570E2,5.232399461E1,4.936118645E0,8.313072414E0,1.379026336E1,3.266965458E2,4.735878589E0,3.375794873E0
2.813181580E2,5.232411997E1,4.935999732E0,8.405141244E0,1.474748621E1,3.288809554E2,4.735665084E0,3.376094378E0
2.823181601E2,5.232424977E1,4.935884500E0,7.997801169E0,1.553509695E1,3.313189325E2,4.736167125E0,3.375390051E0
2.833181614E2,5.232440311E1,4.935753995E0,8.564211159E0,1.682012667E1,3.326119833E2,4.731606464E0,3.381780197E0
2.843181638E2,5.232455243E1,4.935629339E0,8.025575530E0,1.755826316E1,3.331033734E2,4.734364728E0,3.377917651E0
2.853181651E2,5.232470347E1,4.935499329E0,7.134734726E0,1.824083278E1,3.326127391E2,4.736535254E0,3.374873452E0
2.863181669E2,5.232485717E1,4.935359593E0,6.493974214E0,1.894191015E1,3.309338954E2,4.737127934E0,3.374041489E0
2.873181692E2,5.232501062E1,4.935204171E0,6.299400709E0,1.920465101E1,3.282968846E2,4.737418234E0,3.373633874E0
2.883181710E2,5.232515782E1,4.935045608E0,6.149509368E0,1.918393405E1,3.264519708E2,4.737355059E0,3.373722584E0
2.893181727E2,5.232530266E1,4.934882060E0,6.013662853E0,1.923495485E1,3.254834045E2,4.737473399E0,3.373556406E0
2.903181742E2,5.232544760E1,4.934719707E0,5.785989277E0,1.922267919E1,3.256867975E2,4.737629097E0,3.373337749E0
2.913181763E2,5.232559146E1,4.934559837E0,5.392617726E0,1.924375069E1,3.258679071E2,4.738078075E0,3.372707101E0
2.923181778E2,5.232573559E1,4.934400635E0,5.204104425E0,1.908335889E1,3.259947089E2,4.738256369E0,3.372456614E0
2.933181798E2,5.232587724E1,4.934244420E0,4.945075595E0,1.877786941E1,3.261049686E2,4.738752370E0,3.371759631E0
2.943181815E2,5.232601608E1,4.934094287E0,5.021820922E0,1.842984195E1,3.263681750E2,4.738801109E0,3.371691132E0
2.953181825E2,5.232615196E1,4.933947316E0,5.004118027E0,1.803995281E1,3.266533376E2,4.739001161E0,3.371409947E0
2.963181846E2,5.232628573E1,4.933803837E0,4.976240646E0,1.767090752E1,3.269285447E2,4.739028773E0,3.371371134E0
2.973181864E2,5.232641755E1,4.933664687E0,5.060001197E0,1.731621427E1,3.270794412E2,4.739058934E0,3.371328737E0
2.983181877E2,5.232654543E1,4.933528870E0,5.081204141E0,1.686313547E1,3.271451218E2,4.739091446E0,3.371283035E0
2.993181900E2,5.232667265E1,4.933396016E0,5.098911589E0,1.651750353E1,3.273746647E2,4.739244553E0,3.371067798E0
3.003181915E2,5.232679681E1,4.933268402E0,5.149717949E0,1.613661018E1,3.276412308E2,4.739404717E0,3.370842619E0
3.013181932E2,5.232691759E1,4.933143601E0,5.246071946E0,1.579933799E1,3.276826740E2,4.739504117E0,3.370702858E0
3.023181945E2,5.232703583E1,4.933023133E0,5.230763772E0,1.538972983E1,3.279696550E2,4.739503482E0,3.370703751E0
3.033181965E2,5.232715101E1,4.932906272E0,5.284134018E0,1.506357326E1,3.282050384E2,4.739190230E0,3.371144167E0
3.043181990E2,5.232726452E1,4.932791629E0,5.260170724E0,1.477178493E1,3.283549582E2,4.739134795E0,3.371222097E0
3.053182011E2,5.232737611E1,4.932681110E0,5.438162433E0,1.446397406E1,3.286088318E2,4.739090657E0,3.371284144E0
3.063182027E2,5.232748613E1,4.932571996E0,5.510445266E0,1.420993888E1,3.286733920E2,4.739132583E0,3.371225207E0
3.073182040E2,5.232759234E1,4.932467257E0,5.425321842E0,1.383984524E1,3.288411690E2,4.739091621E0,3.371282788E0
3.083182060E2,5.232769810E1,4.932364244E0,5.599853510E0,1.354437005E1,3.289811234E2,4.740123387E0,3.369831941E0
3.093182083E2,5.232780125E1,4.932265180E0,5.727027331E0,1.320995589E1,3.292269794E2,4.740952489E0,3.368665393E0
3.103182104E2,5.232790086E1,4.932168474E0,5.925135689E0,1.282523254E1,3.292217119E2,4.741449801E0,3.367965383E0
3.113182120E2,5.232799860E1,4.932073488E0,6.026822741E0,1.255469079E1,3.291863722E2,4.742027602E0,3.367151801E0
3.123182138E2,5.232809319E1,4.931983043E0,6.189029804E0,1.216114546E1,3.293177396E2,4.742331898E0,3.366723214E0
3.133182157E2,5.232818575E1,4.931895271E0,6.360256023E0,1.181755819E1,3.294835855E2,4.742529723E0,3.366444542E0
3.143182169E2,5.232827648E1,4.931809702E0,6.455195451E0,1.151750744E1,3.297180631E2,4.742793331E0,3.366073151E0
3.153182192E2,5.232836476E1,4.931726817E0,6.386418927E0,1.124689637E1,3.300602469E2,4.742980536E0,3.365809363E0
3.163182204E2,5.232844996E1,4.931647596E0,6.336394798E0,1.088145209E1,3.303915410E2,4.742751032E0,3.366132748E0
3.173182222E2,5.232853350E1,4.931569817E0,6.311378429E0,1.061029756E1,3.304290153E2,4.742703382E0,3.366199885E0
3.183182244E2,5.232861622E1,4.931494482E0,6.419949780E0,1.047437585E1,3.305610745E2,4.742847734E0,3.365996495E0
3.193182262E2,5.232869675E1,4.931421322E0,6.405351353E0,1.020874667E1,3.307011393E2,4.742727174E0,3.366166363E0
3.203182271E2,5.232877611E1,4.931350164E0,6.380474721E0,1.001036361E1,3.308586670E2,4.742750389E0,3.366133655E0
3.213182286E2,5.232885364E1,4.931280073E0,6.413300256E0,9.833420119E0,3.307971819E2,4.742723129E0,3.366172063E0
3.223182313E2,5.232892990E1,4.931210414E0,6.378604871E0,9.652410885E0,3.308338661E2,4.742714815E0,3.366183776E0
3.233182321E2,5.232900418E1,4.931142648E0,6.351580527E0,9.456771168E0,3.308314382E2,4.742678889E0,3.366234393E0
3.243182338E2,5.232907762E1,4.931075832E0,6.292478036E0,9.288414928E0,3.308480056E2,4.742625530E0,3.366309570E0
3.253182364E2,5.232914987E1,4.931010244E0,6.284508324E0,9.101100211E0,3.308681061E2,4.742433983E0,3.366579413E0
3.263182383E2,5.232921971E1,4.930946256E0,6.187796946E0,8.841407861E0,3.308626692E2,4.742248906E0,3.366840113E0
3.273182390E2,5.232928769E1,4.930883695E0,6.008726355E0,8.594201210E0,3.308367151E2,4.742086154E0,3.367069340E0
3.283182421E2,5.232935169E1,4.930824669E0,5.914297759E0,8.163912168E0,3.308304977E2,4.741845564E0,3.367408155E0
3.293182430E2,5.232941375E1,4.930767610E0,5.862679401E0,7.808489361E0,3.308199612E2,4.741699434E0,3.367613919E0
3.303182459E2,5.232947109E1,4.930715519E0,5.816259663E0,7.241806607E0,3.308093496E2,4.741646973E0,3.367687785E0
3.313182468E2,5.232952199E1,4.930669438E0,5.708217108E0,6.616799727E0,3.309552163E2,4.741427771E0,3.367996396E0
3.323182483E2,5.232956899E1,4.930627777E0,5.638421152E0,5.927967980E0,3.311968432E2,4.741824900E0,3.367437253E0
3.333182505E2,5.232960945E1,4.930591654E0,5.665523496E0,5.216936495E0,3.311970135E2,4.742188931E0,3.366924588E0
3.343182514E2,5.232964559E1,4.930559144E0,5.687830980E0,4.606449521E0,3.310977019E2,4.742195339E0,3.366915562E0
3.353182532E2,5.232967556E1,4.930533680E0,5.661126360E0,3.795744934E0,3.312851705E2,4.741915413E0,3.367309793E0
3.363182557E2,5.232969952E1,4.930512087E0,5.557965768E0,3.107961875E0,3.311448706E2,4.740428216E0,3.369403116E0
3.373182569E2,5.232971786E1,4.930499422E0,5.644819634E0,2.236218700E0,3.319253179E2,4.739284378E0,3.371011809E0
3.383182596E2,5.232972855E1,4.930494085E0,5.776644501E0,1.382572987E0,3.332693266E2,4.739746154E0,3.370362507E0
3.393182607E2,5.232973271E1,4.930488527E0,5.656189374E0,6.317327625E-1,3.332693222E2,4.744513699E0,3.363647841E0
3.403182622E2,5.232973281E1,4.930490358E0,5.685090397E0,1.014432131E-1,3.332693236E2,4.744744449E0,3.363322338E0
3.413182645E2,5.232973508E1,4.930492733E0,5.686192879E0,9.668729303E-2,3.332693254E2,4.744035244E0,3.364322611E0
3.423182665E2,5.232973663E1,4.930494089E0,5.768022683E0,8.907804584E-2,3.332693264E2,4.744806604E0,3.363234651E0
3.433182677E2,5.232973695E1,4.930495252E0,5.674959621E0,6.226272110E-2,3.332693272E2,4.744964073E0,3.363012486E0
3.443182698E2,5.232973691E1,4.930495320E0,5.697912751E0,0.000000000E0,3.332693273E2,4.744608808E0,3.363513683E0
3.453182713E2,5.232973691E1,4.930495320E0,5.697912751E0,0.000000000E0,3.332693273E2,4.744754099E0,3.363308724E0
3.463182728E2,5.232973691E1,4.930495320E0,5.697912751E0,0.000000000E0,3.332693273E2,4.744884897E0,3.363124194E0
3.473182746E2,5.232973705E1,4.930495677E0,5.022051636E0,0.000000000E0,3.332693276E2,4.744791633E0,3.363255773E0
3.483182770E2,5.232973705E1,4.930495677E0,5.022051636E0,0.000000000E0,3.332693276E2,4.744856777E0,3.363163868E0
3.493182784E2,5.232973705E1,4.930495677E0,5.022051636E0,0.000000000E0,3.332693276E2,4.744779536E0,3.363272838E0
3.503182805E2,5.232973705E1,4.930495677E0,5.022051636E0,0.000000000E0,3.332693276E2,4.744804032E0,3.363238280E0
3.513179821E2,5.232973705E1,4.930495677E0,5.022051636E0,0.000000000E0,3.332693276E2,4.744949772E0,3.363032664E0
3.523179798E2,5.232973784E1,4.930493721E0,4.310109905E0,7.844272009E-3,3.332693261E2,4.744816701E0,3.363220407E0
3.533179811E2,5.232973790E1,4.930493697E0,4.291585134E0,7.107748618E-3,3.332693260E2,4.744719072E0,3.363358138E0
3.543179860E2,5.232973780E1,4.930493675E0,4.291154136E0,0.000000000E0,3.332693260E2,4.744532102E0,3.363621882E0
3.553179897E2,5.232973780E1,4.930493675E0,4.291154136E0,0.000000000E0,3.332693260E2,4.744276185E0,3.363982834E0
3.563179959E2,5.232973887E1,4.930497508E0,4.530896516E0,0.000000000E0,3.332693289E2,4.744137964E0,3.364177761E0
3.573180007E2,5.232974004E1,4.930498850E0,4.761772445E0,1.994503034E-2,3.332693299E2,4.743673219E0,3.364833046E0
3.583180046E2,5.232973973E1,4.930500422E0,4.819356546E0,0.000000000E0,3.332693311E2,4.743203366E0,3.365495336E0
3.593180122E2,5.232974063E1,4.930500771E0,4.971526589E0,2.157437710E-2,3.332693314E2,4.743232517E0,3.365454253E0
3.603180175E2,5.232974104E1,4.930500941E0,5.107571106E0,3.107618071E-2,3.332693315E2,4.743245615E0,3.365435792E0
3.613180228E2,5.232974097E1,4.930499600E0,5.008152487E0,2.785199760E-2,3.332693305E2,4.743045851E0,3.365717322E0
3.623180329E2,5.232974154E1,4.930499060E0,4.933627185E0,0.000000000E0,3.332693300E2,4.742835064E0,3.366014348E0
3.633180354E2,5.232974162E1,4.930500354E0,4.929355900E0,0.000000000E0,3.332693310E2,4.743209565E0,3.365486600E0
3.643180388E2,5.232974162E1,4.930500354E0,4.929355900E0,0.000000000E0,3.332693310E2,4.742913943E0,3.365903202E0
3.653180466E2,5.232974162E1,4.930500354E0,4.929355900E0,0.000000000E0,3.332693310E2,4.743140633E0,3.365583748E0
3.663180553E2,5.232974162E1,4.930500354E0,4.929355900E0,0.000000000E0,3.332693310E2,4.743299886E0,3.365359300E0
3.673180649E2,5.232974162E1,4.930500354E0,4.929355900E0,0.000000000E0,3.332693310E2,4.743545226E0,3.365013480E0
3.683180724E2,5.232974162E1,4.930500354E0,4.929355900E0,0.000000000E0,3.332693310E2,4.743533041E0,3.365030657E0
3.693180804E2,5.232974162E1,4.930500354E0,4.929355900E0,0.000000000E0,3.332693310E2,4.743660771E0,3.364850595E0
3.703180883E2,5.232974162E1,4.930500354E0,4.929355900E0,0.000000000E0,3.332693310E2,4.743542840E0,3.365016843E0
3.713180954E2,5.232974162E1,4.930500354E0,4.929355900E0,0.000000000E0,3.332693310E2,4.743329154E0,3.365318048E0
3.723181021E2,5.232974162E1,4.930500354E0,4.929355900E0,0.000000000E0,3.332693310E2,4.743122189E0,3.365609742E0
3.733181094E2,5.232974162E1,4.930500354E0,4.929355900E0,0.000000000E0,3.332693310E2,4.743414178E0,3.365198207E0
3.743181150E2,5.232974162E1,4.930500354E0,4.929355900E0,0.000000000E0,3.332693310E2,4.743643424E0,3.364875050E0
3.753181213E2,5.232974162E1,4.930500354E0,4.929355900E0,0.000000000E0,3.332693310E2,4.743352460E0,3.365285199E0
3.763181267E2,5.232974162E1,4.930500354E0,4.929355900E0,0.000000000E0,3.332693310E2,4.743216859E0,3.365476321E0
3.773181322E2,5.232974162E1,4.930500354E0,4.929355900E0,0.000000000E0,3.332693310E2,4.743043677E0,3.365720386E0
3.783181386E2,5.232974162E1,4.930500354E0,4.929355900E0,0.000000000E0,3.332693310E2,4.742816470E0,3.366040548E0
3.793181431E2,5.232974162E1,4.930500354E0,4.929355900E0,0.000000000E0,3.332693310E2,4.742354088E0,3.366691957E0
3.803181483E2,5.232974162E1,4.930500354E0,4.929355900E0,0.000000000E0,3.332693310E2,4.742103621E0,3.367044739E0
3.813181530E2,5.232974162E1,4.930500354E0,4.929355900E0,0.000000000E0,3.332693310E2,4.741919675E0,3.367303792E0
3.823181576E2,5.232974162E1,4.930500354E0,4.929355900E0,0.000000000E0,3.332693310E2,4.741700420E0,3.367612531E0
3.833181622E2,5.232974162E1,4.930500354E0,4.929355900E0,0.000000000E0,3.332693310E2,4.741725793E0,3.367576805E0
3.843181669E2,5.232974162E1,4.930500354E0,4.929355900E0,0.000000000E0,3.332693310E2,4.741586213E0,3.367773332E0
3.853181707E2,5.232974162E1,4.930500354E0,4.929355900E0,0.000000000E0,3.332693310E2,4.741436657E0,3.367983887E0
3.863181747E2,5.232974162E1,4.930500354E0,4.929355900E0,0.000000000E0,3.332693310E2,4.741533964E0,3.367846895E0
3.873181785E2,5.232974162E1,4.930500354E0,4.929355900E0,0.000000000E0,3.332693310E2,4.741487412E0,3.367912433E0
3.883181820E2,5.232974162E1,4.930500354E0,4.929355900E0,0.000000000E0,3.332693310E2,4.741147956E0,3.368390282E0
3.893181862E2,5.232974162E1,4.930500354E0,4.929355900E0,0.000000000E0,3.332693310E2,4.740365408E0,3.369491480E0
3.903181888E2,5.232974162E1,4.930500354E0,4.929355900E0,0.000000000E0,3.332693310E2,4.740254866E0,3.369646990E0
3.913181934E2,5.232974162E1,4.930500354E0,4.929355900E0,0.000000000E0,3.332693310E2,4.740441289E0,3.369384724E0
3.923181961E2,5.232974162E1,4.930500354E0,4.929355900E0,0.000000000E0,3.332693310E2,4.740176244E0,3.369757589E0
3.933182000E2,5.232974162E1,4.930500354E0,4.929355900E0,0.000000000E0,3.332693310E2,4.739585113E0,3.370588967E0
3.943182031E2,5.232974162E1,4.930500354E0,4.929355900E0,0.000000000E0,3.332693310E2,4.739291458E0,3.371001855E0
3.953182064E2,5.232974162E1,4.930500354E0,4.929355900E0,0.000000000E0,3.332693310E2,4.739107975E0,3.371259799E0
3.963182089E2,5.232974162E1,4.930500354E0,4.929355900E0,0.000000000E0,3.332693310E2,4.738794344E0,3.371700639E0
3.973182120E2,5.232974162E1,4.930500354E0,4.929355900E0,0.000000000E0,3.332693310E2,4.738814408E0,3.371672439E0
3.983182157E2,5.232974162E1,4.930500354E0,4.929355900E0,0.000000000E0,3.332693310E2,4.738499602E0,3.372114850E0
3.993182180E2,5.232974162E1,4.930500354E0,4.929355900E0,0.000000000E0,3.332693310E2,4.738300560E0,3.372394525E0
4.003182211E2,5.232974162E1,4.930500354E0,4.929355900E0,0.000000000E0,3.332693310E2,4.738242342E0,3.372476322E0
4.013182234E2,5.232974162E1,4.930500354E0,4.929355900E0,0.000000000E0,3.332693310E2,4.738096526E0,3.372681180E0
4.023182265E2,5.232974162E1,4.930500354E0,4.929355900E0,0.000000000E0,3.332693310E2,4.740026162E0,3.369968697E0
4.033182297E2,5.232974162E1,4.930500354E0,4.929355900E0,0.000000000E0,3.332693310E2,4.741546445E0,3.367829322E0
4.043182325E2,5.232974162E1,4.930500354E0,4.929355900E0,0.000000000E0,3.332693310E2,4.742860881E0,3.365977971E0
4.053182344E2,5.232974162E1,4.930500354E0,4.929355900E0,0.000000000E0,3.332693310E2,4.743631059E0,3.364892481E0
4.063182378E2,5.232974162E1,4.930500354E0,4.929355900E0,0.000000000E0,3.332693310E2,4.744182692E0,3.364114685E0
4.073182403E2,5.232974162E1,4.930500354E0,4.929355900E0,0.000000000E0,3.332693310E2,4.744932834E0,3.363056562E0
4.083182427E2,5.232974162E1,4.930500354E0,4.929355900E0,0.000000000E0,3.332693310E2,4.745153855E0,3.362744700E0
4.093182452E2,5.232974162E1,4.930500354E0,4.929355900E0,0.000000000E0,3.332693310E2,4.746030176E0,3.361507786E0
4.103182484E2,5.232974162E1,4.930500354E0,4.929355900E0,0.000000000E0,3.332693310E2,4.746296598E0,3.361131600E0
4.113182508E2,5.232974162E1,4.930500354E0,4.929355900E0,0.000000000E0,3.332693310E2,4.746098385E0,3.361411482E0
4.123182529E2,5.232974162E1,4.930500354E0,4.929355900E0,0.000000000E0,3.332693310E2,4.746308564E0,3.361114703E0
4.133182553E2,5.232974162E1,4.930500354E0,4.929355900E0,0.000000000E0,3.332693310E2,4.746320944E0,3.361097222E0
4.143182582E2,5.232974162E1,4.930500354E0,4.929355900E0,0.000000000E0,3.332693310E2,4.746801674E0,3.360418262E0
4.153182601E2,5.232974162E1,4.930500354E0,4.929355900E0,0.000000000E0,3.332693310E2,4.746924547E0,3.360244690E0
4.163182621E2,5.232974162E1,4.930500354E0,4.929355900E0,0.000000000E0,3.332693310E2,4.746969845E0,3.360180699E0
4.173182651E2,5.232974162E1,4.930500354E0,4.929355900E0,0.000000000E0,3.332693310E2,4.746792644E0,3.360431018E0
4.183182677E2,5.232977169E1,4.930518268E0,3.082744081E0,0.000000000E0,3.310922559E2,4.746633859E0,3.360655300E0
4.193182695E2,5.232977169E1,4.930518268E0,3.082744081E0,0.000000000E0,3.310922559E2,4.745862971E0,3.361743847E0
4.203182722E2,5.232977169E1,4.930518268E0,3.082744081E0,0.000000000E0,3.310922559E2,4.745190688E0,3.362692726E0
4.213182734E2,5.232983204E1,4.930452197E0,2.902722959E0,2.939334885E0,3.268055214E2,4.746264128E0,3.361177452E0
4.223182764E2,5.232986550E1,4.930424403E0,2.982377342E0,3.657375746E0,3.299811218E2,4.747341294E0,3.359655885E0
4.233182786E2,5.232990542E1,4.930393852E0,3.235093099E0,4.438549077E0,3.320915652E2,4.747157879E0,3.359915044E0
4.243182807E2,5.232995256E1,4.930354195E0,3.443650072E0,5.277555817E0,3.323584194E2,4.747142002E0,3.359937476E0
4.253182827E2,5.233000607E1,4.930302567E0,3.371179321E0,6.205136949E0,3.308474716E2,4.746417337E0,3.360961096E0
4.263182856E2,5.233006589E1,4.930251205E0,3.387314621E0,7.063507616E0,3.314866999E2,4.746711537E0,3.360545583E0
4.273182880E2,5.233012943E1,4.930189313E0,3.228232400E0,7.797495693E0,3.304182054E2,4.746921410E0,3.360249121E0
4.283182895E2,5.233019995E1,4.930120960E0,3.010262108E0,8.664858856E0,3.295723435E2,4.746936785E0,3.360227401E0
4.293182917E2,5.233028064E1,4.930055129E0,3.009828103E0,9.539682589E0,3.312306148E2,4.748094091E0,3.358591898E0
4.303182938E2,5.233036253E1,4.929973547E0,3.091292137E0,1.023665050E1,3.307923472E2,4.747780210E0,3.359035592E0
4.313182968E2,5.233045198E1,4.929880212E0,2.989146656E0,1.119391427E1,3.299029094E2,4.746939626E0,3.360223388E0
4.323182989E2,5.233055367E1,4.929792415E0,3.197589163E0,1.215961515E1,3.307622089E2,4.747704502E0,3.359142599E0
4.333183007E2,5.233065543E1,4.929707894E0,3.735050505E0,1.266067824E1,3.316082153E2,4.748584016E0,3.357899176E0
4.343183025E2,5.233076037E1,4.929608977E0,3.761387095E0,1.321876159E1,3.315365075E2,4.748453818E0,3.358083289E0
4.353183057E2,5.233087690E1,4.929494379E0,4.326080391E0,1.433764621E1,3.305655664E2,4.748062924E0,3.358635959E0
4.363183074E2,5.233099206E1,4.929383763E0,4.358728603E0,1.477583160E1,3.300198350E2,4.746698512E0,3.360563981E0
4.373183098E2,5.233111105E1,4.929258717E0,4.812026889E0,1.523462353E1,3.290511225E2,4.746522490E0,3.360812593E0
4.383183112E2,5.233123229E1,4.929127091E0,4.924266985E0,1.567448968E1,3.279386976E2,4.746558832E0,3.360761267E0
4.393183142E2,5.233135514E1,4.928985972E0,5.281742617E0,1.640959300E1,3.264517696E2,4.746655247E0,3.360625091E0
4.403183165E2,5.233147847E1,4.928857689E0,5.874685597E0,1.636292450E1,3.274359821E2,4.745215903E0,3.362657144E0
4.413183179E2,5.233160005E1,4.928730415E0,6.058124572E0,1.605324293E1,3.279669441E2,4.744565717E0,3.363574466E0
4.423183197E2,5.233172116E1,4.928605693E0,6.453270317E0,1.582102022E1,3.282181718E2,4.743914016E0,3.364493549E0
4.433183233E2,5.233183917E1,4.928484589E0,6.936331837E0,1.559275570E1,3.289608488E2,4.742839539E0,3.366008042E0
4.443183250E2,5.233195638E1,4.928374129E0,7.412022036E0,1.523172080E1,3.304127232E2,4.742526635E0,3.366448893E0
4.453183275E2,5.233207339E1,4.928267991E0,7.969559424E0,1.502798774E1,3.313072103E2,4.742630205E0,3.366302983E0
4.463183290E2,5.233219216E1,4.928164716E0,8.573123328E0,1.492053904E1,3.324420238E2,4.742709153E0,3.366191754E0
4.473183312E2,5.233230900E1,4.928060363E0,9.181304601E0,1.476773429E1,3.319004735E2,4.742296784E0,3.366772674E0
4.483183337E2,5.233242451E1,4.927955078E0,9.736489036E0,1.464659208E1,3.313896645E2,4.741781012E0,3.367499053E0
4.493183354E2,5.233253602E1,4.927850845E0,1.029229949E1,1.450327395E1,3.306895874E2,4.741416609E0,3.368012110E0
4.503183372E2,5.233264577E1,4.927741768E0,1.080991470E1,1.437006699E1,3.290935582E2,4.741087486E0,3.368475394E0
4.513183401E2,5.233275454E1,4.927628955E0,1.152095286E1,1.427807682E1,3.273267658E2,4.741027695E0,3.368559548E0
4.523183421E2,5.233285782E1,4.927508516E0,1.192315303E1,1.420970915E1,3.247081694E2,4.741211310E0,3.368301107E0
4.533183447E2,5.233295665E1,4.927379943E0,1.242189911E1,1.409406601E1,3.216449828E2,4.740923140E0,3.368706698E0
4.543183459E2,5.233305086E1,4.927242711E0,1.286592082E1,1.410697999E1,3.183899564E2,4.740554427E0,3.369225543E0
4.553183478E2,5.233313932E1,4.927094155E0,1.330987203E1,1.416193416E1,3.145770803E2,4.740304613E0,3.369577007E0
4.563183510E2,5.233322405E1,4.926937474E0,1.352705690E1,1.426929865E1,3.112894154E2,4.740505129E0,3.369294904E0
4.573183532E2,5.233330093E1,4.926773478E0,1.351634263E1,1.418543251E1,3.078899662E2,4.740353092E0,3.369508806E0
4.583183547E2,5.233337222E1,4.926602053E0,1.343438306E1,1.416757106E1,3.046217551E2,4.740892687E0,3.368749555E0
4.593183563E2,5.233343526E1,4.926426075E0,1.349591774E1,1.408441446E1,3.010667689E2,4.741146607E0,3.368392181E0
4.603183594E2,5.233349221E1,4.926243058E0,1.341674533E1,1.408425207E1,2.978390657E2,4.741372001E0,3.368074908E0
4.613183613E2,5.233354344E1,4.926056243E0,1.357228885E1,1.405644702E1,2.946950208E2,4.741511852E0,3.367878025E0
4.623183635E2,5.233358729E1,4.925863214E0,1.360476534E1,1.406303643E1,2.909973053E2,4.741484227E0,3.367916917E0
4.633183652E2,5.233362414E1,4.925667718E0,1.353475314E1,1.401793655E1,2.876637592E2,4.741463239E0,3.367946465E0
4.643183675E2,5.233365308E1,4.925470140E0,1.350608494E1,1.394300689E1,2.841069963E2,4.741489680E0,3.367909240E0
4.653183693E2,5.233367502E1,4.925269756E0,1.354493968E1,1.389712281E1,2.808864429E2,4.741527641E0,3.367855796E0
4.663183718E2,5.233368699E1,4.925068374E0,1.350418884E1,1.381704095E1,2.767214163E2,4.741568998E0,3.367797569E0
4.673183742E2,5.233369425E1,4.924865791E0,1.349879388E1,1.380344468E1,2.734694200E2,4.741484628E0,3.367916352E0
4.683183755E2,5.233369572E1,4.924662841E0,1.343440181E1,1.379766605E1,2.707413611E2,4.741347849E0,3.368108907E0
4.693183784E2,5.233368843E1,4.924461122E0,1.331977277E1,1.377443959E1,2.671925957E2,4.741097376E0,3.368461474E0
4.703183800E2,5.233367428E1,4.924261783E0,1.315412214E1,1.372334185E1,2.639933752E2,4.741227365E0,3.368278508E0
4.713183826E2,5.233365242E1,4.924066685E0,1.297095015E1,1.353464647E1,2.607633638E2,4.741140093E0,3.368401349E0
4.723183843E2,5.233362473E1,4.923878836E0,1.287534011E1,1.321693621E1,2.570845124E2,4.741023577E0,3.368565343E0
4.733183869E2,5.233359174E1,4.923695854E0,1.271179194E1,1.299222012E1,2.542164598E2,4.740944184E0,3.368677081E0
4.743183880E2,5.233355390E1,4.923518505E0,1.261022587E1,1.277584569E1,2.514633653E2,4.740881912E0,3.368764719E0
4.753183905E2,5.233351212E1,4.923347244E0,1.255244718E1,1.256368514E1,2.491068378E2,4.740946387E0,3.368673981E0
4.763183923E2,5.233346688E1,4.923181178E0,1.253468240E1,1.237215233E1,2.469411282E2,4.740767595E0,3.368925592E0
4.773180586E2,5.233341966E1,4.923019424E0,1.234288686E1,1.220209945E1,2.451265987E2,4.740710442E0,3.369006017E0
4.783180575E2,5.233337187E1,4.922861024E0,1.233722316E1,1.203170400E1,2.439961615E2,4.741017593E0,3.368573766E0
4.793180562E2,5.233332401E1,4.922704689E0,1.217939113E1,1.188390154E1,2.435581814E2,4.741217107E0,3.368292948E0
4.803180560E2,5.233327614E1,4.922548404E0,1.197288639E1,1.182405075E1,2.433994775E2,4.741287548E0,3.368193792E0
4.813180548E2,5.233322864E1,4.922393844E0,1.183066740E1,1.176180405E1,2.433374344E2,4.741278692E0,3.368206259E0
4.823180599E2,5.233318112E1,4.922239737E0,1.149299641E1,1.169810946E1,2.434015851E2,4.741350566E0,3.368105083E0
4.833180622E2,5.233313356E1,4.922087285E0,1.121427993E1,1.161142734E1,2.433356961E2,4.741288594E0,3.368192319E0
4.843180646E2,5.233308654E1,4.921934648E0,1.096363031E1,1.156091055E1,2.433556761E2,4.741331955E0,3.368131280E0
4.853180710E2,5.233304022E1,4.921783131E0,1.060534095E1,1.150348050E1,2.434501941E2,4.741407264E0,3.368025266E0
4.863180723E2,5.233299413E1,4.921632535E0,1.020319536E1,1.144624290E1,2.434849425E2,4.741576698E0,3.367786729E0
4.873180742E2,5.233294797E1,4.921483550E0,9.808060713E0,1.138175437E1,2.434800502E2,4.741687634E0,3.367630535E0
4.883180798E2,5.233290208E1,4.921335669E0,9.387430693E0,1.130184063E1,2.433903228E2,4.741810005E0,3.367458227E0
4.893180790E2,5.233285631E1,4.921186437E0,8.907016307E0,1.131754585E1,2.434009655E2,4.741908264E0,3.367319862E0
4.903180799E2,5.233281041E1,4.921035934E0,8.470934054E0,1.136846906E1,2.435358438E2,4.742059465E0,3.367106928E0
4.913180851E2,5.233276426E1,4.920886081E0,8.124359832E0,1.137759196E1,2.434430227E2,4.742194724E0,3.366916427E0
4.923180903E2,5.233271813E1,4.920735179E0,7.801016265E0,1.141540355E1,2.433899649E2,4.742375549E0,3.366661726E0
4.933180956E2,5.233267247E1,4.920586653E0,7.430801921E0,1.132917114E1,2.433477198E2,4.742499855E0,3.366486620E0
4.943181014E2,5.233262693E1,4.920438626E0,7.118153986E0,1.123408113E1,2.433245584E2,4.742585998E0,3.366365263E0
4.953181059E2,5.233258203E1,4.920291514E0,6.700871932E0,1.113800822E1,2.433938183E2,4.742663830E0,3.366255610E0
4.963181109E2,5.233253726E1,4.920147707E0,6.319499652E0,1.095615349E1,2.433421976E2,4.742392222E0,3.366638241E0
4.973181158E2,5.233249409E1,4.920009317E0,5.977162914E0,1.060434255E1,2.432836721E2,4.741431430E0,3.367991246E0
4.983181201E2,5.233245262E1,4.919876105E0,5.587185322E0,1.016570993E1,2.432801335E2,4.740806410E0,3.368870970E0
4.993181251E2,5.233241297E1,4.919748625E0,5.300795604E0,9.732505581E0,2.432950216E2,4.739968977E0,3.370049129E0
5.003181287E2,5.233237545E1,4.919628657E0,4.961463338E0,9.178895583E0,2.433116040E2,4.739276833E0,3.371022416E0
5.013181338E2,5.233233997E1,4.919516042E0,4.570157901E0,8.576360257E0,2.432958988E2,4.738700974E0,3.371831864E0
5.023181382E2,5.233230746E1,4.919410386E0,4.349938056E0,8.080108747E0,2.432945599E2,4.738884121E0,3.371574457E0
5.033181417E2,5.233227652E1,4.919312130E0,4.077296400E0,7.550028622E0,2.432427323E2,4.738502554E0,3.372110701E0
5.043181462E2,5.233224696E1,4.919218072E0,3.787162373E0,7.198115479E0,2.432674468E2,4.738433941E0,3.372207114E0
5.053181493E2,5.233221895E1,4.919127966E0,3.537957487E0,6.887811314E0,2.433203411E2,4.738320581E0,3.372366396E0
5.063181527E2,5.233219209E1,4.919040600E0,3.316363380E0,6.638431952E0,2.433726476E2,4.737460488E0,3.373574537E0
5.073181566E2,5.233216648E1,4.918958494E0,3.145487622E0,6.291035675E0,2.433407792E2,4.736492143E0,3.374933956E0
5.083181607E2,5.233214211E1,4.918881238E0,2.969435313E0,5.910603174E0,2.432890477E2,4.735666029E0,3.376093051E0
5.093181636E2,5.233211959E1,4.918808778E0,2.896260902E0,5.529083222E0,2.433222616E2,4.734918040E0,3.377142014E0
5.103181676E2,5.233209899E1,4.918742263E0,2.780828578E0,5.122521334E0,2.432796757E2,4.734222438E0,3.378117071E0
5.113181707E2,5.233208031E1,4.918680625E0,2.758032453E0,4.758110307E0,2.433238695E2,4.733699863E0,3.378849307E0
5.123181742E2,5.233206337E1,4.918625515E0,2.756605415E0,4.305534315E0,2.433408322E2,4.732555575E0,3.380451857E0
5.133181766E2,5.233204781E1,4.918573816E0,2.755956251E0,3.973032755E0,2.434694922E2,4.732363605E0,3.380720595E0
5.143181800E2,5.233203371E1,4.918527180E0,2.755300699E0,3.623643940E0,2.436232692E2,4.731993407E0,3.381238742E0
5.153181828E2,5.233202166E1,4.918485201E0,2.842548752E0,3.216216352E0,2.438811182E2,4.731585302E0,3.381809806E0
5.163181868E2,5.233201134E1,4.918449128E0,2.945826611E0,2.817557042E0,2.439966262E2,4.730904071E0,3.382762733E0
5.173181889E2,5.233200280E1,4.918419528E0,3.079444611E0,2.371928943E0,2.441317255E2,4.730160984E0,3.383801723E0
5.183181918E2,5.233199608E1,4.918395930E0,3.199699717E0,1.889821809E0,2.441953102E2,4.729493184E0,3.384735035E0
5.193181945E2,5.233199070E1,4.918376953E0,3.195450787E0,1.529873140E0,2.442337885E2,4.728987322E0,3.385441764E0
5.203181978E2,5.233198610E1,4.918362796E0,3.501444205E0,1.176945047E0,2.441598218E2,4.732089472E0,3.381104297E0
5.213182009E2,5.233198293E1,4.918352348E0,3.459544174E0,8.371548435E-1,2.441598135E2,4.740687185E0,3.369038742E0
5.223182045E2,5.233198004E1,4.918345641E0,3.264928744E0,5.099450978E-1,2.441598083E2,4.740909683E0,3.368725637E0
5.233182070E2,5.233197952E1,4.918341850E0,3.368360486E0,1.963634076E-1,2.441598052E2,4.740701004E0,3.369019297E0
5.243182091E2,5.233197939E1,4.918341070E0,3.484190464E0,4.389413328E-3,2.441598046E2,4.740595738E0,3.369167417E0
5.253182113E2,5.233197918E1,4.918340565E0,3.502473892E0,1.099776845E-2,2.441598042E2,4.740569769E0,3.369203957E0
5.263182147E2,5.233197885E1,4.918340632E0,3.670673063E0,0.000000000E0,2.441598043E2,4.740717928E0,3.368995483E0
5.273182175E2,5.233197885E1,4.918340632E0,3.670673063E0,0.000000000E0,2.441598043E2,4.740900362E0,3.368738753E0
5.283182197E2,5.233197877E1,4.918340242E0,3.948380024E0,1.509757427E-2,2.441598040E2,4.741055201E0,3.368520834E0
5.293182222E2,5.233197880E1,4.918340347E0,3.947141021E0,0.000000000E0,2.441598041E2,4.741136130E0,3.368406928E0
5.303182251E2,5.233197880E1,4.918340347E0,3.947141021E0,0.000000000E0,2.441598041E2,4.741227170E0,3.368278783E0
5.313182274E2,5.233197880E1,4.918340347E0,3.947141021E0,0.000000000E0,2.441598041E2,4.741249309E0,3.368247619E0
5.323182299E2,5.233197880E1,4.918340347E0,3.947141021E0,0.000000000E0,2.441598041E2,4.741598162E0,3.367756508E0
5.333182330E2,5.233197880E1,4.918340347E0,3.947141021E0,0.000000000E0,2.441598041E2,4.741768405E0,3.367516805E0
5.343182358E2,5.233197880E1,4.918340347E0,3.947141021E0,0.000000000E0,2.441598041E2,4.741894064E0,3.367339857E0
5.353182379E2,5.233197880E1,4.918340347E0,3.947141021E0,0.000000000E0,2.441598041E2,4.741999313E0,3.367191641E0
5.363182406E2,5.233197880E1,4.918340347E0,3.947141021E0,0.000000000E0,2.441598041E2,4.742107978E0,3.367038603E0
5.373182428E2,5.233197880E1,4.918340347E0,3.947141021E0,0.000000000E0,2.441598041E2,4.742204777E0,3.366902269E0
5.383182460E2,5.233197880E1,4.918340347E0,3.947141021E0,0.000000000E0,2.441598041E2,4.742301965E0,3.366765377E0
5.393182483E2,5.233197880E1,4.918340347E0,3.947141021E0,0.000000000E0,2.441598041E2,4.742390165E0,3.366641138E0
5.403182508E2,5.233197880E1,4.918340347E0,3.947141021E0,0.000000000E0,2.441598041E2,4.742495750E0,3.366492402E0
5.413182535E2,5.233197880E1,4.918340347E0,3.947141021E0,0.000000000E0,2.441598041E2,4.742583609E0,3.366368628E0
5.423182560E2,5.233197880E1,4.918340347E0,3.947141021E0,0.000000000E0,2.441598041E2,4.742643488E0,3.366284269E0
5.433182582E2,5.233197880E1,4.918340347E0,3.947141021E0,0.000000000E0,2.441598041E2,4.742702268E0,3.366201454E0
5.443182602E2,5.233197880E1,4.918340347E0,3.947141021E0,0.000000000E0,2.441598041E2,4.742758200E0,3.366122649E0
5.453182638E2,5.233197880E1,4.918340347E0,3.947141021E0,0.000000000E0,2.441598041E2,4.742808424E0,3.366051884E0
5.463182651E2,5.233197880E1,4.918340347E0,3.947141021E0,0.000000000E0,2.441598041E2,4.742862293E0,3.365975980E0
5.473182682E2,5.233197880E1,4.918340347E0,3.947141021E0,0.000000000E0,2.441598041E2,4.742919625E0,3.365895195E0
5.483182706E2,5.233197443E1,4.918347630E0,5.364945676E0,3.417552036E-3,2.441598108E2,4.742967310E0,3.365828001E0
5.493182724E2,5.233197423E1,4.918347600E0,5.404570130E0,9.016683353E-3,2.441598108E2,4.743032929E0,3.365735532E0
5.503182757E2,5.233197380E1,4.918347850E0,5.382587072E0,1.839921119E-2,2.441598110E2,4.743080617E0,3.365668327E0
5.513182774E2,5.233197408E1,4.918348469E0,5.330228165E0,9.349211924E-3,2.441598115E2,4.743022598E0,3.365750090E0
5.523182802E2,5.233197359E1,4.918349197E0,5.306490261E0,7.777268639E-3,2.441598122E2,4.742976937E0,3.365814435E0
5.533182819E2,5.233197347E1,4.918350059E0,5.354043780E0,0.000000000E0,2.441598129E2,4.742900929E0,3.365921540E0
5.543182852E2,5.233197347E1,4.918350059E0,5.354043780E0,0.000000000E0,2.441598129E2,4.742850355E0,3.365992803E0
5.553182880E2,5.233197202E1,4.918349727E0,5.281730987E0,2.845622004E-2,2.441598129E2,4.742843673E0,3.366002218E0
5.563182902E2,5.233197170E1,4.918350226E0,5.241322950E0,1.064810770E-2,2.441598133E2,4.742796515E0,3.366068664E0
5.573182924E2,5.233197158E1,4.918350296E0,5.180845964E0,1.090734744E-2,2.441598134E2,4.742752778E0,3.366130289E0
5.583182949E2,5.233197085E1,4.918350601E0,5.134984983E0,1.377799260E-2,2.441598137E2,4.742723471E0,3.366171581E0
5.593182974E2,5.233197103E1,4.918350946E0,5.199406452E0,8.612739627E-3,2.441598140E2,4.742675284E0,3.366239472E0
5.603182999E2,5.233197067E1,4.918350881E0,5.219325515E0,6.122192161E-3,2.441598140E2,4.742629464E0,3.366304027E0
5.613183016E2,5.233197049E1,4.918350379E0,5.067579979E0,6.905243738E-3,2.441598136E2,4.742588943E0,3.366361114E0
5.623183039E2,5.233197027E1,4.918349935E0,4.926390219E0,8.044607462E-3,2.441598133E2,4.742493815E0,3.366495128E0
5.633183069E2,5.233197028E1,4.918349981E0,4.925852180E0,0.000000000E0,2.441598133E2,4.742468877E0,3.366530259E0
5.643183093E2,5.233197028E1,4.918349981E0,4.925852180E0,0.000000000E0,2.441598133E2,4.742456263E0,3.366548028E0
5.653183113E2,5.233197028E1,4.918349981E0,4.925852180E0,0.000000000E0,2.441598133E2,4.742211345E0,3.366893018E0
5.663183138E2,5.233196896E1,4.918347526E0,4.710622608E0,0.000000000E0,2.441598114E2,4.742026610E0,3.367153198E0
5.673183155E2,5.233196896E1,4.918347526E0,4.710622608E0,0.000000000E0,2.441598114E2,4.741368068E0,3.368080444E0
5.683183184E2,5.233194796E1,4.918280550E0,4.593261169E0,2.168248637E0,2.437059980E2,4.740274211E0,3.369619776E0
5.693183211E2,5.233195163E1,4.918292683E0,4.599396877E0,0.000000000E0,2.437060076E2,4.741133784E0,3.368410229E0
5.703183241E2,5.233191027E1,4.918155297E0,4.536810518E0,4.407289503E0,2.441188387E2,4.742412584E0,3.366609558E0
5.713183253E2,5.233188647E1,4.918074657E0,4.455650961E0,5.402876262E0,2.441526807E2,4.742641684E0,3.366286811E0
5.723183283E2,5.233185973E1,4.917985719E0,4.498716671E0,6.218535281E0,2.440938344E2,4.742634087E0,3.366297514E0
5.733183304E2,5.233183035E1,4.917885648E0,4.427548852E0,7.038423482E0,2.441700497E2,4.742715191E0,3.366183246E0
5.743183333E2,5.233179940E1,4.917778024E0,4.591714472E0,7.692762893E0,2.444046805E2,4.742770387E0,3.366105479E0
5.753183353E2,5.233176307E1,4.917664727E0,4.483862705E0,8.293403166E0,2.434318086E2,4.742686929E0,3.366223066E0
5.763183382E2,5.233172623E1,4.917537450E0,4.584091814E0,9.035175860E0,2.440606030E2,4.742540910E0,3.366428783E0
5.773183407E2,5.233168594E1,4.917401384E0,4.605332236E0,9.747845574E0,2.440940803E2,4.742491470E0,3.366498432E0
5.783183424E2,5.233164388E1,4.917258895E0,4.556995299E0,1.033259736E1,2.440223967E2,4.742486396E0,3.366505579E0
5.793183451E2,5.233159908E1,4.917108958E0,4.758746345E0,1.093246281E1,2.438241906E2,4.742489563E0,3.366501118E0
5.803183471E2,5.233154992E1,4.916952561E0,4.765364043E0,1.153438284E1,2.431886779E2,4.742436520E0,3.366575840E0
5.813183501E2,5.233149787E1,4.916788677E0,4.856221182E0,1.214902564E1,2.423556781E2,4.742263485E0,3.366819578E0
5.823183513E2,5.233144102E1,4.916620812E0,4.796429534E0,1.272212573E1,2.411993818E2,4.742028822E0,3.367150083E0
5.833183546E2,5.233138006E1,4.916446957E0,4.798966658E0,1.327419626E1,2.403198170E2,4.741636631E0,3.367702346E0
5.843183562E2,5.233131564E1,4.916266467E0,4.755915990E0,1.382973420E1,2.398379944E2,4.741279319E0,3.368205375E0
5.853183589E2,5.233124913E1,4.916078966E0,4.787365704E0,1.437146253E1,2.398114380E2,4.741047397E0,3.368531819E0
5.863183608E2,5.233118280E1,4.915882882E0,4.749002885E0,1.487549312E1,2.405207200E2,4.741127716E0,3.368418770E0
5.873183641E2,5.233111587E1,4.915670258E0,4.639727949E0,1.592684514E1,2.423251732E2,4.740167583E0,3.369769772E0
5.883183656E2,5.233105344E1,4.915454656E0,4.690835336E0,1.624311579E1,2.440161244E2,4.740149264E0,3.369795540E0
5.893183680E2,5.233098994E1,4.915231089E0,4.445371514E0,1.673758490E1,2.450775287E2,4.740486282E0,3.369321421E0
5.903183712E2,5.233092770E1,4.915000400E0,4.467599065E0,1.712768093E1,2.460702224E2,4.740584017E0,3.369183909E0
5.913183730E2,5.233086648E1,4.914764218E0,4.656618212E0,1.745484635E1,2.468640171E2,4.739554058E0,3.370632636E0
5.923183757E2,5.233080627E1,4.914521205E0,4.637738467E0,1.779687508E1,2.481621399E2,4.739964637E0,3.370055232E0
5.933183770E2,5.233075041E1,4.914273666E0,4.342256146E0,1.788142439E1,2.499137848E2,4.740042099E0,3.369946280E0
5.943183804E2,5.233070156E1,4.914022228E0,4.433137492E0,1.789483489E1,2.522617822E2,4.739775089E0,3.370321815E0
5.953183823E2,5.233065825E1,4.913771423E0,4.316843655E0,1.778997758E1,2.544062158E2,4.739735902E0,3.370376925E0
5.963183854E2,5.233062188E1,4.913517239E0,4.340376429E0,1.778274716E1,2.565814399E2,4.739789988E0,3.370300862E0
5.973183868E2,5.233058965E1,4.913261654E0,4.122788334E0,1.778961977E1,2.582373519E2,4.739794002E0,3.370295218E0
5.983183887E2,5.233056144E1,4.913006218E0,3.992737317E0,1.772113359E1,2.595091721E2,4.739791500E0,3.370298736E0
5.993183917E2,5.233053383E1,4.912749238E0,3.931607151E0,1.774604488E1,2.601492543E2,4.739827920E0,3.370247517E0
6.003183942E2,5.233050705E1,4.912493719E0,3.602802042E0,1.772247890E1,2.604500514E2,4.740082116E0,3.369889994E0
6.013183967E2,5.233048100E1,4.912237721E0,3.499800314E0,1.770957363E1,2.604993478E2,4.740366129E0,3.369490465E0
6.023183993E2,5.233045531E1,4.911982258E0,3.573126491E0,1.769829190E1,2.603510265E2,4.740565150E0,3.369210455E0
6.033178446E2,5.233042922E1,4.911726589E0,3.506519592E0,1.767077332E1,2.603742888E2,4.740716408E0,3.368997621E0
6.043178380E2,5.233040289E1,4.911470591E0,3.412019643E0,1.771552694E1,2.604053246E2,4.740635118E0,3.369112007E0
6.053178432E2,5.233037595E1,4.911212807E0,3.496517760E0,1.778609624E1,2.603494214E2,4.740697526E0,3.369024190E0
6.063178413E2,5.233034960E1,4.910955895E0,3.457726480E0,1.781845058E1,2.602924871E2,4.740802119E0,3.368877009E0
6.073178388E2,5.233032319E1,4.910696295E0,3.414495731E0,1.792149950E1,2.603496453E2,4.740829915E0,3.368837893E0
6.083178452E2,5.233029696E1,4.910435389E0,3.162311008E0,1.800670302E1,2.605357326E2,4.740918301E0,3.368713508E0
6.093178430E2,5.233026944E1,4.910172218E0,2.942690932E0,1.814039553E1,2.603994027E2,4.740936539E0,3.368687840E0
6.103178414E2,5.233024158E1,4.909909404E0,2.486419830E0,1.819641765E1,2.602724909E2,4.740749581E0,3.368950941E0
6.113178480E2,5.233021424E1,4.909642982E0,1.991078786E0,1.837432560E1,2.604408947E2,4.740293378E0,3.369592813E0
6.123178474E2,5.233018585E1,4.909374851E0,1.403878516E0,1.849009237E1,2.603318953E2,4.740003162E0,3.370001048E0
6.133178477E2,5.233015788E1,4.909108264E0,8.194038169E-1,1.846955414E1,2.603499303E2,4.739934234E0,3.370097995E0
6.143178564E2,5.233013111E1,4.908842515E0,5.253569381E-1,1.839636457E1,2.605052016E2,4.740435599E0,3.369392729E0
6.153178574E2,5.233010350E1,4.908576697E0,1.755878394E-1,1.833754575E1,2.603962577E2,4.741059769E0,3.368514405E0
6.163178598E2,5.233007586E1,4.908312624E0,-1.103714611E-1,1.827894683E1,2.603594789E2,4.741725216E0,3.367577618E0
6.173178699E2,5.233004873E1,4.908049881E0,-4.669408370E-1,1.819901835E1,2.604169649E2,4.742099150E0,3.367051036E0
6.183178806E2,5.233002180E1,4.907788107E0,-7.381694829E-1,1.810243784E1,2.604466758E2,4.742503085E0,3.366482069E0
6.193178906E2,5.232999630E1,4.907527879E0,-1.035807559E0,1.796822606E1,2.608657079E2,4.742679937E0,3.366232916E0
6.203178999E2,5.232997240E1,4.907270092E0,-1.206254149E0,1.774602278E1,2.615803374E2,4.742792972E0,3.366073656E0
6.213179086E2,5.232995328E1,4.907010768E0,-1.714502212E0,1.773909105E1,2.631115159E2,4.742445471E0,3.366563231E0
6.223179182E2,5.232993868E1,4.906752153E0,-2.027333648E0,1.771043591E1,2.650715069E2,4.742377924E0,3.366658381E0
6.233179263E2,5.232993106E1,4.906494348E0,-2.317167650E0,1.760915930E1,2.678496456E2,4.742525394E0,3.366450642E0
6.243179343E2,5.232993336E1,4.906243140E0,-2.612599950E0,1.730977446E1,2.709831504E2,4.743422978E0,3.365185803E0
6.253179419E2,5.232994441E1,4.905991397E0,-2.622268916E0,1.718583389E1,2.740446807E2,4.745584372E0,3.362137118E0
6.263179486E2,5.232996536E1,4.905743968E0,-2.745329911E0,1.698390615E1,2.778834369E2,4.752038221E0,3.353009064E0
6.273179561E2,5.232999424E1,4.905502268E0,-2.690723348E0,1.677246765E1,2.810016894E2,4.762659741E0,3.337904916E0
6.283179635E2,5.233003266E1,4.905267172E0,-2.679997042E0,1.654522092E1,2.846379088E2,4.783880064E0,3.307420228E0
6.293179692E2,5.233007973E1,4.905039957E0,-2.628973985E0,1.630275983E1,2.883292500E2,4.820285592E0,3.254133348E0
6.303179756E2,5.233013516E1,4.904818846E0,-2.460665213E0,1.610009688E1,2.917727105E2,4.868157910E0,3.182070960E0
6.313179821E2,5.233020356E1,4.904579541E0,-2.143300240E0,1.628159597E1,2.952149472E2,4.809915875E0,3.269441284E0
6.323179888E2,5.233027696E1,4.904336105E0,-1.432330993E0,1.648200174E1,2.981281730E2,4.766294945E0,3.332712038E0
6.333179947E2,5.233035735E1,4.904087532E0,-2.917547757E-1,1.697404737E1,3.001735903E2,4.738638886E0,3.371919119E0
6.343179991E2,5.233044240E1,4.903870390E0,1.271355782E0,1.692181810E1,3.021310088E2,4.738337278E0,3.372342935E0
6.353180047E2,5.233052852E1,4.903662192E0,2.099860282E0,1.677858450E1,3.039299901E2,4.737444820E0,3.373596540E0
6.363180106E2,5.233061756E1,4.903466591E0,2.920575575E0,1.671296262E1,3.048177037E2,4.737646876E0,3.373312779E0
6.373180150E2,5.233070711E1,4.903265725E0,3.568687267E0,1.668214335E1,3.056252982E2,4.738203679E0,3.372530642E0
6.383180205E2,5.233079539E1,4.903068874E0,3.581291984E0,1.654436154E1,3.061116804E2,4.738940282E0,3.371495520E0
6.393180245E2,5.233088288E1,4.902873603E0,4.176923927E0,1.644905829E1,3.062777557E2,4.738976769E0,3.371444234E0
6.403180295E2,5.233097166E1,4.902677543E0,4.735135864E0,1.640246874E1,3.064907290E2,4.738791602E0,3.371704493E0
6.413180341E2,5.233106004E1,4.902485413E0,5.162690151E0,1.626856168E1,3.066482244E2,4.738590007E0,3.371987808E0
6.423180387E2,5.233114910E1,4.902294679E0,5.547966585E0,1.617589486E1,3.067873729E2,4.738390412E0,3.372268277E0
6.433180430E2,5.233123716E1,4.902104823E0,5.822619983E0,1.613643270E1,3.069108557E2,4.738863451E0,3.371603509E0
6.443180473E2,5.233132626E1,4.901915255E0,6.394578840E0,1.613272902E1,3.071812952E2,4.740049318E0,3.369936126E0
6.453180515E2,5.233141627E1,4.901726539E0,7.075886798E0,1.616251489E1,3.073033449E2,4.740928962E0,3.368698504E0
6.463180562E2,5.233150512E1,4.901538280E0,7.393886578E0,1.615345351E1,3.074662264E2,4.741426522E0,3.367998155E0
6.473180600E2,5.233159670E1,4.901348794E0,7.720444839E0,1.627314400E1,3.077450054E2,4.741678187E0,3.367643836E0
6.483180642E2,5.233168772E1,4.901158334E0,7.906626691E0,1.638447944E1,3.079769958E2,4.741927607E0,3.367292622E0
6.493180672E2,5.233177919E1,4.900967801E0,8.014471323E0,1.650889584E1,3.081134199E2,4.742182878E0,3.366933113E0
6.503180711E2,5.233187091E1,4.900777528E0,8.015899948E0,1.661441006E1,3.082545754E2,4.742247568E0,3.366841997E0
6.513180759E2,5.233196519E1,4.900584828E0,8.080908362E0,1.677736006E1,3.084536014E2,4.742372785E0,3.366665620E0
6.523180797E2,5.233206059E1,4.900389285E0,8.103718578E0,1.700343191E1,3.085061752E2,4.742470367E0,3.366528160E0
6.533180833E2,5.233215775E1,4.900190161E0,8.139473679E0,1.723976193E1,3.085320381E2,4.742269457E0,3.366811166E0
6.543180872E2,5.233225656E1,4.899989395E0,8.242073487E0,1.751925427E1,3.086392691E2,4.741972668E0,3.367229165E0
6.553180904E2,5.233235686E1,4.899783907E0,8.297288132E0,1.782227998E1,3.085578502E2,4.742000755E0,3.367189610E0
6.563180941E2,5.233245917E1,4.899577092E0,8.489720493E0,1.809896923E1,3.086464989E2,4.741858620E0,3.367389769E0
6.573180977E2,5.233256223E1,4.899366334E0,8.592373259E0,1.841093358E1,3.086291260E2,4.741774720E0,3.367507912E0
6.583181009E2,5.233266680E1,4.899153133E0,8.732125224E0,1.864078817E1,3.086245941E2,4.741673642E0,3.367650236E0
6.593181040E2,5.233277123E1,4.898939647E0,8.766085438E0,1.861784819E1,3.086303592E2,4.741625461E0,3.367718073E0
6.603181086E2,5.233287514E1,4.898726635E0,8.789258020E0,1.859784553E1,3.086913096E2,4.741336708E0,3.368124590E0
6.613181112E2,5.233297882E1,4.898513844E0,8.736768886E0,1.858445919E1,3.086504184E2,4.741209776E0,3.368303265E0
6.623181142E2,5.233308252E1,4.898301541E0,8.829853109E0,1.855161230E1,3.086112412E2,4.741091068E0,3.368470353E0
6.633181171E2,5.233318565E1,4.898089510E0,8.875340014E0,1.853586004E1,3.085650813E2,4.740768519E0,3.368924291E0
6.643181217E2,5.233328843E1,4.897878002E0,8.916175527E0,1.849882116E1,3.084968779E2,4.740645173E0,3.369097858E0
6.653181247E2,5.233339196E1,4.897666527E0,9.097631072E0,1.843969269E1,3.084602547E2,4.740722442E0,3.368989130E0
6.663181278E2,5.233349644E1,4.897453823E0,9.124513934E0,1.847168325E1,3.085986456E2,4.740730866E0,3.368977276E0
6.673181309E2,5.233360098E1,4.897241471E0,9.122358501E0,1.851037036E1,3.086507971E2,4.740674059E0,3.369057212E0
6.683181340E2,5.233370533E1,4.897028141E0,9.073165394E0,1.855677565E1,3.086582207E2,4.740631753E0,3.369116741E0
6.693181378E2,5.233380968E1,4.896814784E0,9.078394298E0,1.857845264E1,3.086327007E2,4.740411004E0,3.369427332E0
6.703181403E2,5.233391429E1,4.896601464E0,9.063979849E0,1.862141841E1,3.087201388E2,4.740135751E0,3.369814549E0
6.713181438E2,5.233401882E1,4.896388474E0,8.995401719E0,1.864698867E1,3.088277449E2,4.740307211E0,3.369573352E0
6.723181466E2,5.233412523E1,4.896178006E0,9.125890976E0,1.865688885E1,3.093391115E2,4.740201630E0,3.369721878E0
6.733181506E2,5.233423116E1,4.895967112E0,9.085229569E0,1.864636621E1,3.095691278E2,4.740076817E0,3.369897447E0
6.743181539E2,5.233433845E1,4.895756298E0,8.941457532E0,1.865379845E1,3.098652793E2,4.739760630E0,3.370342149E0
6.753181567E2,5.233444676E1,4.895545727E0,8.760193180E0,1.868521766E1,3.101807379E2,4.739423308E0,3.370816479E0
6.763181597E2,5.233455651E1,4.895336419E0,8.522474250E0,1.871577145E1,3.105546418E2,4.738974234E0,3.371447796E0
6.773181618E2,5.233466471E1,4.895132020E0,8.256400973E0,1.848086107E1,3.109638859E2,4.738978697E0,3.371441523E0
6.783181651E2,5.233477297E1,4.894930399E0,7.873466798E0,1.832698050E1,3.113180125E2,4.739052019E0,3.371338458E0
6.793181688E2,5.233488113E1,4.894731216E0,7.659261793E0,1.815506329E1,3.115482550E2,4.739088577E0,3.371287067E0
6.803181716E2,5.233498955E1,4.894534558E0,7.610497543E0,1.799549783E1,3.118756496E2,4.739778013E0,3.370317704E0
6.813181750E2,5.233509824E1,4.894340710E0,7.408813704E0,1.783816571E1,3.123157293E2,4.740181646E0,3.369749990E0
6.823181779E2,5.233520663E1,4.894150159E0,7.321152184E0,1.768035085E1,3.126890343E2,4.740401764E0,3.369440332E0
6.833181804E2,5.233531338E1,4.893962176E0,7.177295454E0,1.750928657E1,3.128982484E2,4.740633482E0,3.369114308E0
6.843181833E2,5.233542087E1,4.893776502E0,7.025016736E0,1.740374380E1,3.133117388E2,4.740843376E0,3.368818950E0
6.853181869E2,5.233552936E1,4.893591121E0,6.870153063E0,1.743021727E1,3.135860175E2,4.741541489E0,3.367836299E0
6.863181897E2,5.233563729E1,4.893406312E0,6.824559905E0,1.736133932E1,3.135651307E2,4.741951989E0,3.367258287E0
6.873181926E2,5.233574412E1,4.893225846E0,6.844151198E0,1.708957820E1,3.137404501E2,4.742262624E0,3.366820791E0
6.883181957E2,5.233584786E1,4.893046405E0,6.773849458E0,1.678375810E1,3.132818527E2,4.742346087E0,3.366703228E0
6.893181989E2,5.233594886E1,4.892867980E0,6.703005145E0,1.650310656E1,3.127500248E2,4.742470214E0,3.366528376E0
6.903182019E2,5.233604673E1,4.892691416E0,6.590307968E0,1.620980867E1,3.122193701E2,4.742278693E0,3.366798157E0
6.913182043E2,5.233614170E1,4.892516592E0,6.494593423E0,1.589942511E1,3.116047138E2,4.742441808E0,3.366568391E0
6.923182075E2,5.233623265E1,4.892345695E0,6.600209672E0,1.543203005E1,3.109874160E2,4.742441486E0,3.366568845E0
6.933182108E2,5.233632112E1,4.892176492E0,6.526539868E0,1.509125676E1,3.104983219E2,4.742399295E0,3.366628278E0
6.943182139E2,5.233640631E1,4.892012231E0,6.595586155E0,1.473906445E1,3.102384887E2,4.742452580E0,3.366553217E0
6.953182170E2,5.233648986E1,4.891850319E0,6.584407500E0,1.444627082E1,3.100554581E2,4.741975260E0,3.367225514E0
6.963182199E2,5.233657108E1,4.891690821E0,6.564295396E0,1.412769376E1,3.099042465E2,4.741852107E0,3.367398941E0
6.973182222E2,5.233664992E1,4.891537060E0,6.732603552E0,1.370272391E1,3.098950415E2,4.741762468E0,3.367525164E0
6.983182257E2,5.233672638E1,4.891387583E0,6.931505438E0,1.324807002E1,3.098662863E2,4.741729783E0,3.367571187E0
6.993182290E2,5.233679946E1,4.891244873E0,6.859190470E0,1.264648871E1,3.099792707E2,4.741739187E0,3.367557946E0
7.003182312E2,5.233686850E1,4.891109499E0,6.981149627E0,1.203233651E1,3.098977318E2,4.741862782E0,3.367383909E0
7.013182338E2,5.233693491E1,4.890981588E0,7.008647697E0,1.143071442E1,3.101376299E2,4.741746923E0,3.367547052E0
7.023182377E2,5.233699598E1,4.890861256E0,7.038046342E0,1.074205227E1,3.100490814E2,4.741197460E0,3.368320602E0
7.033182406E2,5.233705480E1,4.890746192E0,7.104240947E0,1.023670003E1,3.099998704E2,4.740579619E0,3.369190097E0
7.043182437E2,5.233711026E1,4.890637307E0,7.105610702E0,9.684981491E0,3.100078032E2,4.739751494E0,3.370354997E0
7.053182462E2,5.233716220E1,4.890535092E0,7.126031600E0,9.109776275E0,3.099831876E2,4.738956592E0,3.371472594E0
7.063182486E2,5.233721157E1,4.890438094E0,7.217279823E0,8.596684673E0,3.099651172E2,4.738340146E0,3.372338906E0
7.073182523E2,5.233725737E1,4.890347147E0,7.061935044E0,8.082728540E0,3.099220809E2,4.737731503E0,3.373193922E0
7.083182549E2,5.233729986E1,4.890263456E0,6.971389484E0,7.504703996E0,3.099560903E2,4.736990859E0,3.374233934E0
7.093182580E2,5.233733972E1,4.890186089E0,6.845162974E0,6.791504748E0,3.099767283E2,4.736238093E0,3.375290471E0
7.103182613E2,5.233737521E1,4.890116851E0,6.829542648E0,6.111858402E0,3.099712629E2,4.735588137E0,3.376202308E0
7.113182635E2,5.233740496E1,4.890057750E0,6.652425154E0,5.318292393E0,3.098547747E2,4.735168163E0,3.376791303E0
7.123182673E2,5.233742890E1,4.890007934E0,6.469809051E0,4.368038240E0,3.097155745E2,4.734683779E0,3.377470435E0
7.133182700E2,5.233744869E1,4.889967251E0,6.257472039E0,3.590776710E0,3.097147298E2,4.733392003E0,3.379280572E0
7.143182724E2,5.233746373E1,4.889938770E0,6.262563057E0,2.700688454E0,3.099042442E2,4.732087110E0,3.381107602E0
7.153182753E2,5.233747210E1,4.889921535E0,6.024771961E0,1.797142610E0,3.098163574E2,4.730826084E0,3.382871797E0
7.163182782E2,5.233747513E1,4.889915408E0,5.894964418E0,7.000811889E-1,3.098497912E2,4.740557558E0,3.369221137E0
7.173182811E2,5.233747504E1,4.889914652E0,5.866442035E0,7.279864657E-2,3.098497906E2,4.740738944E0,3.368965909E0
7.183182843E2,5.233747583E1,4.889914101E0,5.939692253E0,4.769277693E-2,3.098497902E2,4.740503522E0,3.369297166E0
7.193182869E2,5.233747635E1,4.889914403E0,5.896975650E0,3.653078962E-2,3.098497904E2,4.740443001E0,3.369382316E0
7.203182906E2,5.233747591E1,4.889914696E0,6.009435697E0,1.197931743E-2,3.098497907E2,4.740506891E0,3.369292425E0
7.213182929E2,5.233747588E1,4.889914402E0,6.107458314E0,1.128849558E-2,3.098497904E2,4.740756900E0,3.368940642E0
7.223182957E2,5.233747587E1,4.889914445E0,6.106372733E0,0.000000000E0,3.098497905E2,4.740686863E0,3.369039195E0
7.233182992E2,5.233747587E1,4.889914445E0,6.106372733E0,0.000000000E0,3.098497905E2,4.740857294E0,3.368799363E0
7.243183023E2,5.233747587E1,4.889914445E0,6.106372733E0,0.000000000E0,3.098497905E2,4.740870789E0,3.368780373E0
7.253183047E2,5.233747587E1,4.889914445E0,6.106372733E0,0.000000000E0,3.098497905E2,4.740809791E0,3.368866212E0
7.263183080E2,5.233747587E1,4.889914445E0,6.106372733E0,0.000000000E0,3.098497905E2,4.740727695E0,3.368981738E0
7.273183112E2,5.233747587E1,4.889914445E0,6.106372733E0,0.000000000E0,3.098497905E2,4.741124213E0,3.368423702E0
7.283172089E2,5.233747587E1,4.889914445E0,6.106372733E0,0.000000000E0,3.098497905E2,4.741304045E0,3.368170569E0
7.293171905E2,5.233747587E1,4.889914445E0,6.106372733E0,0.000000000E0,3.098497905E2,4.741403258E0,3.368030905E0
7.303171935E2,5.233747587E1,4.889914445E0,6.106372733E0,0.000000000E0,3.098497905E2,4.741499396E0,3.367895561E0
7.313171901E2,5.233747587E1,4.889914445E0,6.106372733E0,0.000000000E0,3.098497905E2,4.741631868E0,3.367709053E0
7.323171846E2,5.233747587E1,4.889914445E0,6.106372733E0,0.000000000E0,3.098497905E2,4.741754680E0,3.367536131E0
7.333172019E2,5.233747587E1,4.889914445E0,6.106372733E0,0.000000000E0,3.098497905E2,4.741880978E0,3.367358285E0
7.343172021E2,5.233747587E1,4.889914445E0,6.106372733E0,0.000000000E0,3.098497905E2,4.741974305E0,3.367226859E0
7.353172011E2,5.233747587E1,4.889914445E0,6.106372733E0,0.000000000E0,3.098497905E2,4.742092042E0,3.367061048E0
7.363172256E2,5.233747580E1,4.889914286E0,6.685926965E0,1.826560647E-3,3.098497903E2,4.742191879E0,3.366920434E0
7.373172288E2,5.233747580E1,4.889914296E0,6.685937123E0,0.000000000E0,3.098497904E2,4.742248085E0,3.366841269E0
7.383172331E2,5.233747623E1,4.889914459E0,6.819437775E0,0.000000000E0,3.098497905E2,4.742223056E0,3.366876523E0
7.393172597E2,5.233747623E1,4.889914459E0,6.819437775E0,0.000000000E0,3.098497905E2,4.742103474E0,3.367044948E0
7.403172650E2,5.233747623E1,4.889914459E0,6.819437775E0,0.000000000E0,3.098497905E2,4.742048998E0,3.367121670E0
7.413172693E2,5.233747623E1,4.889914459E0,6.819437775E0,0.000000000E0,3.098497905E2,4.741949880E0,3.367261256E0
7.423172941E2,5.233747621E1,4.889913852E0,6.807682972E0,5.762270133E-3,3.098497900E2,4.741870116E0,3.367373582E0
7.433173201E2,5.233747570E1,4.889914057E0,6.830561611E0,0.000000000E0,3.098497902E2,4.741773626E0,3.367509453E0
7.443173437E2,5.233747570E1,4.889914057E0,6.830561611E0,0.000000000E0,3.098497902E2,4.741636445E0,3.367702608E0
7.453173673E2,5.233747570E1,4.889914057E0,6.830561611E0,0.000000000E0,3.098497902E2,4.741560306E0,3.367809806E0
7.463173892E2,5.233747570E1,4.889914057E0,6.830561611E0,0.000000000E0,3.098497902E2,4.741407155E0,3.368025419E0
7.473174096E2,5.233747460E1,4.889913973E0,6.813163944E0,8.132307238E-3,3.098497901E2,4.741307229E0,3.368166088E0
7.483174293E2,5.233747441E1,4.889914334E0,6.877680462E0,0.000000000E0,3.098497904E2,4.741214432E0,3.368296713E0
7.493174490E2,5.233747441E1,4.889914334E0,6.877680462E0,0.000000000E0,3.098497904E2,4.741031821E0,3.368553740E0
7.503174663E2,5.233747441E1,4.889914334E0,6.877680462E0,0.000000000E0,3.098497904E2,4.740961184E0,3.368653157E0
7.513174838E2,5.233747441E1,4.889914334E0,6.877680462E0,0.000000000E0,3.098497904E2,4.740739401E0,3.368965267E0
7.523174996E2,5.233747441E1,4.889914334E0,6.877680462E0,0.000000000E0,3.098497904E2,4.740385367E0,3.369463400E0
7.533175161E2,5.233747441E1,4.889914334E0,6.877680462E0,0.000000000E0,3.098497904E2,4.741053257E0,3.368523571E0
7.543175302E2,5.233747441E1,4.889914334E0,6.877680462E0,0.000000000E0,3.098497904E2,4.741312376E0,3.368158843E0
7.553175453E2,5.233747441E1,4.889914334E0,6.877680462E0,0.000000000E0,3.098497904E2,4.741432704E0,3.367989451E0
7.563175583E2,5.233747441E1,4.889914334E0,6.877680462E0,0.000000000E0,3.098497904E2,4.741524205E0,3.367860633E0
7.573175721E2,5.233747441E1,4.889914334E0,6.877680462E0,0.000000000E0,3.098497904E2,4.741603168E0,3.367749461E0
7.583175850E2,5.233747441E1,4.889914334E0,6.877680462E0,0.000000000E0,3.098497904E2,4.741638992E0,3.367699021E0
7.593175963E2,5.233747441E1,4.889914334E0,6.877680462E0,0.000000000E0,3.098497904E2,4.741693927E0,3.367621673E0
7.603176075E2,5.233747441E1,4.889914334E0,6.877680462E0,0.000000000E0,3.098497904E2,4.741748217E0,3.367545230E0
7.613176196E2,5.233747441E1,4.889914334E0,6.877680462E0,0.000000000E0,3.098497904E2,4.741787591E0,3.367489789E0
7.623176295E2,5.233747441E1,4.889914334E0,6.877680462E0,0.000000000E0,3.098497904E2,4.741822558E0,3.367440550E0
7.633176401E2,5.233747441E1,4.889914334E0,6.877680462E0,0.000000000E0,3.098497904E2,4.741873706E0,3.367368526E0
7.643176503E2,5.233747441E1,4.889914334E0,6.877680462E0,0.000000000E0,3.098497904E2,4.741908041E0,3.367320176E0
7.653176595E2,5.233747441E1,4.889914334E0,6.877680462E0,0.000000000E0,3.098497904E2,4.741928058E0,3.367291988E0
7.663176692E2,5.233747441E1,4.889914334E0,6.877680462E0,0.000000000E0,3.098497904E2,4.741932331E0,3.367285969E0
7.673176788E2,5.233747441E1,4.889914334E0,6.877680462E0,0.000000000E0,3.098497904E2,4.741943092E0,3.367270815E0
7.683176866E2,5.233747441E1,4.889914334E0,6.877680462E0,0.000000000E0,3.098497904E2,4.741976680E0,3.367223515E0
7.693176956E2,5.233747441E1,4.889914334E0,6.877680462E0,0.000000000E0,3.098497904E2,4.742081860E0,3.367075388E0
7.703177036E2,5.233747441E1,4.889914334E0,6.877680462E0,0.000000000E0,3.098497904E2,4.742089188E0,3.367065067E0
7.713177108E2,5.233747441E1,4.889914334E0,6.877680462E0,0.000000000E0,3.098497904E2,4.742124894E0,3.367014779E0
7.723177187E2,5.233747441E1,4.889914334E0,6.877680462E0,0.000000000E0,3.098497904E2,4.742150851E0,3.366978221E0
7.733177270E2,5.233747441E1,4.889914334E0,6.877680462E0,0.000000000E0,3.098497904E2,4.742182537E0,3.366933593E0
7.743177340E2,5.233747441E1,4.889914334E0,6.877680462E0,0.000000000E0,3.098497904E2,4.742191096E0,3.366921538E0
7.753177418E2,5.233747441E1,4.889914334E0,6.877680462E0,0.000000000E0,3.098497904E2,4.742198432E0,3.366911205E0
7.763177483E2,5.233747441E1,4.889914334E0,6.877680462E0,0.000000000E0,3.098497904E2,4.742203320E0,3.366904321E0
7.773177557E2,5.233747441E1,4.889914334E0,6.877680462E0,0.000000000E0,3.098497904E2,4.742239183E0,3.366853808E0
7.783177626E2,5.233747441E1,4.889914334E0,6.877680462E0,0.000000000E0,3.098497904E2,4.742252817E0,3.366834604E0
7.793177696E2,5.233747236E1,4.889905367E0,6.208789845E0,5.092046962E-1,3.098497832E2,4.742274984E0,3.366803381E0
7.803177755E2,5.233747849E1,4.889891706E0,6.226605810E0,1.056378443E0,3.098497724E2,4.742411975E0,3.366610417E0
7.813177816E2,5.233748851E1,4.889872332E0,6.227758355E0,1.634118952E0,3.098497571E2,4.742671212E0,3.366245209E0
7.823177884E2,5.233750309E1,4.889840448E0,6.199111304E0,2.341619245E0,3.090118823E2,4.741166881E0,3.368363644E0
7.833177943E2,5.233752074E1,4.889804826E0,6.147849012E0,2.970520571E0,3.090988224E2,4.737116090E0,3.374058118E0
7.843178005E2,5.233754241E1,4.889764442E0,6.118272743E0,3.567007622E0,3.100248968E2,4.735619947E0,3.376157690E0
7.853178060E2,5.233756910E1,4.889717117E0,6.069356685E0,4.199211004E0,3.108682044E2,4.734624059E0,3.377554152E0
7.863178122E2,5.233759946E1,4.889660606E0,6.039713371E0,4.909193044E0,3.109966858E2,4.733683406E0,3.378872363E0
7.873178184E2,5.233763363E1,4.889593849E0,5.902493858E0,5.598753251E0,3.107552337E2,4.733351382E0,3.379337468E0
7.883178283E2,5.233767097E1,4.889521310E0,5.850591253E0,6.266731625E0,3.105477615E2,4.733284916E0,3.379430564E0
7.893178288E2,5.233771199E1,4.889441412E0,5.897026177E0,6.959773595E0,3.104302872E2,4.732960408E0,3.379885029E0
7.903178393E2,5.233775603E1,4.889356007E0,5.851648150E0,7.573612979E0,3.101852558E2,4.733087704E0,3.379706766E0
7.913178401E2,5.233780423E1,4.889261203E0,5.920012453E0,8.253440534E0,3.096938279E2,4.732754660E0,3.380173125E0
7.923178457E2,5.233785495E1,4.889159520E0,6.252721298E0,8.897766317E0,3.089452858E2,4.732537529E0,3.380477121E0
7.933178512E2,5.233790784E1,4.889048433E0,6.712415920E0,9.575604518E0,3.081109417E2,4.732248329E0,3.380881954E0
7.943178570E2,5.233796421E1,4.888928961E0,7.215515627E0,1.025883450E1,3.074190127E2,4.733510515E0,3.379114564E0
7.953178619E2,5.233802341E1,4.888801525E0,7.394752724E0,1.091633045E1,3.067208376E2,4.733092728E0,3.379699729E0
7.963178669E2,5.233808389E1,4.888660972E0,7.687109780E0,1.163099153E1,3.052040516E2,4.735514050E0,3.376306223E0
7.973178729E2,5.233814697E1,4.888509015E0,7.651342875E0,1.237288839E1,3.042683441E2,4.735890581E0,3.375778049E0
7.983178777E2,5.233821192E1,4.888350158E0,8.034924388E0,1.306739790E1,3.033314061E2,4.736320354E0,3.375175038E0
7.993178831E2,5.233827951E1,4.888178815E0,7.822383729E0,1.379091251E1,3.028868738E2,4.736632791E0,3.374736559E0
8.003178873E2,5.233834985E1,4.888002213E0,7.886218802E0,1.424165397E1,3.029202398E2,4.736657263E0,3.374702210E0
8.013178926E2,5.233841933E1,4.887826158E0,7.824707019E0,1.427508806E1,3.031050382E2,4.736802000E0,3.374499050E0
8.023178978E2,5.233848841E1,4.887648186E0,7.558613667E0,1.432323043E1,3.027281893E2,4.738017527E0,3.372792158E0
8.033179017E2,5.233855715E1,4.887469156E0,7.566846844E0,1.434800924E1,3.019356554E2,4.738595473E0,3.371980127E0
8.043179070E2,5.233862284E1,4.887287944E0,7.864361956E0,1.433394948E1,3.006304416E2,4.739060358E0,3.371326735E0
8.053179120E2,5.233868746E1,4.887104723E0,8.079646619E0,1.439194327E1,2.994163549E2,4.739268280E0,3.371034441E0
8.063179176E2,5.233875165E1,4.886918141E0,8.015936694E0,1.447411127E1,2.986706987E2,4.739218965E0,3.371103771E0
8.073179214E2,5.233881096E1,4.886730416E0,7.726779215E0,1.448078463E1,2.975266819E2,4.739289597E0,3.371004472E0
8.083179266E2,5.233886799E1,4.886541300E0,7.574702342E0,1.445251685E1,2.964607567E2,4.739349648E0,3.370920045E0
8.093179313E2,5.233892314E1,4.886350654E0,7.408914151E0,1.443324479E1,2.954510936E2,4.739443602E0,3.370787945E0
8.103179363E2,5.233897496E1,4.886157958E0,7.245918698E0,1.438833457E1,2.942566906E2,4.739580954E0,3.370594816E0
8.113179417E2,5.233902529E1,4.885963993E0,7.155156443E0,1.435202973E1,2.931495868E2,4.739522011E0,3.370677697E0
8.123179466E2,5.233907309E1,4.885768650E0,6.996227441E0,1.430446251E1,2.920377408E2,4.739490834E0,3.370721535E0
8.133179512E2,5.233911803E1,4.885573084E0,6.785187297E0,1.428239669E1,2.909139076E2,4.739477753E0,3.370739928E0
8.143179560E2,5.233916171E1,4.885374506E0,6.793950415E0,1.430005501E1,2.897913916E2,4.739232102E0,3.371085303E0
8.153179600E2,5.233920249E1,4.885175460E0,6.666120041E0,1.429038774E1,2.886946709E2,4.739398125E0,3.370851887E0
8.163179651E2,5.233924113E1,4.884975597E0,6.528779435E0,1.427025323E1,2.876120814E2,4.739760367E0,3.370342519E0
8.173179697E2,5.233927722E1,4.884774058E0,6.508414109E0,1.425078396E1,2.863847384E2,4.739888392E0,3.370162469E0
8.183179752E2,5.233931074E1,4.884572590E0,6.469610163E0,1.420176158E1,2.852555213E2,4.740011495E0,3.369989327E0
8.193179789E2,5.233934290E1,4.884369218E0,6.320340316E0,1.423895161E1,2.845005524E2,4.740103862E0,3.369859405E0
8.203179841E2,5.233937107E1,4.884166161E0,5.926152254E0,1.418442015E1,2.833824846E2,4.740878237E0,3.368769890E0
8.213179890E2,5.233939762E1,4.883962773E0,5.738643724E0,1.417107678E1,2.821271844E2,4.741263998E0,3.368226943E0
8.223179935E2,5.233942105E1,4.883759625E0,5.607827427E0,1.417639105E1,2.809415018E2,4.741589142E0,3.367769209E0
8.233179984E2,5.233944257E1,4.883555772E0,5.416162599E0,1.415308777E1,2.799660374E2,4.741831989E0,3.367427270E0
8.243180028E2,5.233946213E1,4.883351603E0,5.328264178E0,1.413392171E1,2.789378056E2,4.742149610E0,3.366979968E0
8.253180078E2,5.233947820E1,4.883147661E0,5.275792269E0,1.411401775E1,2.778461816E2,4.742506316E0,3.366477517E0
8.263180116E2,5.233949265E1,4.882944062E0,5.208733642E0,1.405398693E1,2.767628531E2,4.742758937E0,3.366121611E0
8.273180166E2,5.233950472E1,4.882739150E0,5.021447062E0,1.404997780E1,2.757380840E2,4.742924975E0,3.365887657E0
8.283180213E2,5.233951488E1,4.882533904E0,4.964985443E0,1.405160687E1,2.747383482E2,4.743129455E0,3.365599502E0
8.293180263E2,5.233952230E1,4.882328478E0,4.917560589E0,1.404169312E1,2.736261725E2,4.743416059E0,3.365195555E0
8.303180307E2,5.233952697E1,4.882123085E0,4.857774652E0,1.404207991E1,2.723576165E2,4.743700218E0,3.364794982E0
8.313180362E2,5.233952958E1,4.881918498E0,4.831556388E0,1.402391569E1,2.713560231E2,4.743899172E0,3.364514478E0
8.323180399E2,5.233952934E1,4.881712737E0,4.900078226E0,1.403674894E1,2.702069105E2,4.744068661E0,3.364275490E0
8.333180449E2,5.233952699E1,4.881507556E0,4.928742682E0,1.403881044E1,2.691128889E2,4.744276931E0,3.363981783E0
8.343180496E2,5.233952320E1,4.881301776E0,4.819646364E0,1.406729404E1,2.684164483E2,4.744382777E0,3.363832502E0
8.353180543E2,5.233951780E1,4.881095092E0,4.693604350E0,1.408338231E1,2.678106441E2,4.744483794E0,3.363690021E0
8.363180579E2,5.233951194E1,4.880888091E0,4.716877519E0,1.410224749E1,2.674853113E2,4.744479964E0,3.363695424E0
8.373180637E2,5.233950544E1,4.880682092E0,4.639742480E0,1.407294122E1,2.673444247E2,4.744557411E0,3.363586182E0
8.383180678E2,5.233949909E1,4.880475697E0,4.566948352E0,1.407455642E1,2.673165842E2,4.744499848E0,3.363667377E0
8.393180724E2,5.233949322E1,4.880269962E0,4.481199627E0,1.402692364E1,2.674598504E2,4.744385040E0,3.363829310E0
8.403180771E2,5.233948783E1,4.880063005E0,4.469706573E0,1.403585150E1,2.675322566E2,4.744351729E0,3.363876292E0
8.413180819E2,5.233948170E1,4.879856653E0,4.394607480E0,1.401919227E1,2.674949419E2,4.744434464E0,3.363759601E0
8.423180863E2,5.233947584E1,4.879651112E0,4.449196899E0,1.401243182E1,2.674698741E2,4.744463160E0,3.363719125E0
8.433180904E2,5.233946984E1,4.879449475E0,4.459971594E0,1.375522509E1,2.674729465E2,4.744440520E0,3.363751058E0
8.443180957E2,5.233946447E1,4.879251995E0,4.447444643E0,1.347531152E1,2.674537419E2,4.744460988E0,3.363722189E0
8.453180997E2,5.233945855E1,4.879058953E0,4.472019844E0,1.319435435E1,2.674581058E2,4.744518847E0,3.363640579E0
8.463181046E2,5.233945294E1,4.878869869E0,4.520715742E0,1.293800439E1,2.674620394E2,4.744523498E0,3.363634018E0
8.473181093E2,5.233944820E1,4.878684925E0,4.547852331E0,1.264688898E1,2.674743276E2,4.744666635E0,3.363432110E0
8.483181139E2,5.233944414E1,4.878504220E0,4.575858763E0,1.234298277E1,2.675824166E2,4.744655245E0,3.363448177E0
8.493181182E2,5.233943999E1,4.878327572E0,4.704566156E0,1.203559630E1,2.675924023E2,4.744521801E0,3.363636413E0
8.503181224E2,5.233943552E1,4.878155023E0,4.843933742E0,1.173336936E1,2.675142553E2,4.744491628E0,3.363678972E0
8.513181272E2,5.233943072E1,4.877988243E0,4.890768616E0,1.141023800E1,2.673552796E2,4.744578142E0,3.363556940E0
8.523181324E2,5.233942679E1,4.877825453E0,4.974715963E0,1.109355451E1,2.674670652E2,4.744665788E0,3.363433304E0
8.533181365E2,5.233942219E1,4.877666695E0,4.957886233E0,1.080845101E1,2.674929761E2,4.743349308E0,3.365289643E0
8.543155260E2,5.233941746E1,4.877515723E0,5.027138417E0,1.040243417E1,2.673460914E2,4.741939675E0,3.367275628E0
8.553154910E2,5.233941275E1,4.877370705E0,5.144544257E0,9.954094971E0,2.673390384E2,4.740810245E0,3.368865574E0
8.563155138E2,5.233940825E1,4.877232179E0,5.248334201E0,9.493465102E0,2.673209034E2,4.739519155E0,3.370681713E0
8.573155102E2,5.233940462E1,4.877097816E0,5.217727313E0,9.116894539E0,2.673512921E2,4.738425251E0,3.372219324E0
8.583155049E2,5.233940066E1,4.876970441E0,5.200786233E0,8.720668450E0,2.673542577E2,4.737301994E0,3.373797097E0
8.593155394E2,5.233939697E1,4.876848919E0,5.278774326E0,8.314594364E0,2.673396937E2,4.736201411E0,3.375341942E0
8.603155565E2,5.233939359E1,4.876733200E0,5.363513042E0,7.926480691E0,2.674428052E2,4.736677024E0,3.374674474E0
8.613155710E2,5.233939008E1,4.876622880E0,5.388518667E0,7.536803309E0,2.674561429E2,4.736859913E0,3.374417757E0
8.623156312E2,5.233938642E1,4.876518599E0,5.398805561E0,7.144740752E0,2.674554475E2,4.735729870E0,3.376003500E0
8.633156569E2,5.233938246E1,4.876420149E0,5.374014004E0,6.746947933E0,2.673965716E2,4.734495754E0,3.377734002E0
8.643156837E2,5.233937979E1,4.876325882E0,5.315868516E0,6.361819536E0,2.674407726E2,4.733473804E0,3.379165989E0
8.653157490E2,5.233937753E1,4.876237748E0,5.233723952E0,5.989097819E0,2.675093585E2,4.732333217E0,3.380763132E0
8.663157822E2,5.233937530E1,4.876156728E0,5.233428494E0,5.604881482E0,2.674610208E2,4.731510597E0,3.381914325E0
8.673158088E2,5.233937389E1,4.876079204E0,5.089475596E0,5.269001621E0,2.675182588E2,4.730768200E0,3.382952745E0
8.683158752E2,5.233937163E1,4.876007685E0,5.020639720E0,4.953869198E0,2.674807918E2,4.729755386E0,3.384368629E0
8.693159426E2,5.233936996E1,4.875939759E0,4.930763278E0,4.652165416E0,2.674966451E2,4.728799506E0,3.385704101E0
8.703160070E2,5.233936792E1,4.875878164E0,4.877719230E0,4.248878494E0,2.674537840E2,4.728074512E0,3.386716469E0
8.713160694E2,5.233936556E1,4.875824274E0,4.927752465E0,3.755857854E0,2.673716837E2,4.727143276E0,3.388016157E0
8.723161266E2,5.233936459E1,4.875778116E0,4.940101978E0,3.166636090E0,2.674124197E2,4.726202722E0,3.389328084E0
8.733161813E2,5.233936365E1,4.875744375E0,4.892284970E0,2.446962553E0,2.674021425E2,4.724416767E0,3.391817101E0
8.743162330E2,5.233936297E1,4.875723769E0,5.136633064E0,1.609971780E0,2.673433604E2,4.724203857E0,3.392113640E0
8.753162832E2,5.233936235E1,4.875712058E0,4.774238627E0,9.596479855E-1,2.677597764E2,4.735245896E0,3.376682298E0
8.763163296E2,5.233936407E1,4.875716395E0,4.690307011E0,1.554834077E-1,2.677597798E2,4.740404563E0,3.369436394E0
8.773163735E2,5.233936361E1,4.875714980E0,4.791364211E0,2.356316053E-1,2.677597787E2,4.740144199E0,3.369802666E0
8.783164153E2,5.233936385E1,4.875708236E0,4.537259508E0,5.469460976E-1,2.677597734E2,4.740199218E0,3.369725272E0
8.793164558E2,5.233936600E1,4.875709173E0,4.604912900E0,4.624287928E-1,2.677597742E2,4.740160995E0,3.369779039E0
8.803164935E2,5.233936463E1,4.875711633E0,4.725920409E0,2.372665374E-1,2.677597761E2,4.740659657E0,3.369077478E0
8.813165306E2,5.233935938E1,4.875708079E0,4.684243412E0,1.926694350E-1,2.677597731E2,4.740092989E0,3.369874699E0
8.823165647E2,5.233935075E1,4.875704339E0,4.967703010E0,3.354596163E-1,2.677597699E2,4.739549835E0,3.370638574E0
8.833165975E2,5.233934940E1,4.875694423E0,5.500814972E0,5.027254009E-1,2.677597620E2,4.738843820E0,3.371631101E0
8.843166296E2,5.233933712E1,4.875691496E0,5.634545324E0,6.141655664E-1,2.677597593E2,4.739433135E0,3.370802663E0
8.853166599E2,5.233932773E1,4.875692507E0,6.185122483E0,5.179225768E-1,2.677597598E2,4.739860776E0,3.370201308E0
8.863166890E2,5.233932073E1,4.875690230E0,6.478346422E0,5.275204953E-1,2.677597578E2,4.740469103E0,3.369345592E0
8.873167160E2,5.233931739E1,4.875684694E0,6.566856767E0,4.244352296E-1,2.677597533E2,4.740994496E0,3.368606273E0
8.883167428E2,5.233931668E1,4.875681881E0,6.785631579E0,1.213504323E-1,2.677597510E2,4.741289498E0,3.368191047E0
8.893167675E2,5.233931847E1,4.875679696E0,6.763027020E0,3.907209077E-2,2.677597494E2,4.741417789E0,3.368010449E0
8.903167920E2,5.233931954E1,4.875676478E0,6.829982551E0,6.384494581E-2,2.677597469E2,4.741463994E0,3.367945402E0
8.913168154E2,5.233932052E1,4.875675478E0,6.908806929E0,5.819271419E-2,2.677597461E2,4.741488579E0,3.367910790E0
8.923168373E2,5.233932038E1,4.875674327E0,6.888170113E0,5.170677357E-2,2.677597452E2,4.741531643E0,3.367850162E0
8.933168590E2,5.233932008E1,4.875674014E0,6.890374877E0,4.850558786E-2,2.677597449E2,4.741749484E0,3.367543447E0
8.943168797E2,5.233932132E1,4.875672824E0,6.831511503E0,3.355824982E-2,2.677597440E2,4.741883579E0,3.367354623E0
8.953169006E2,5.233932279E1,4.875671646E0,6.871771973E0,1.761633719E-2,2.677597431E2,4.741954611E0,3.367254594E0
8.963169190E2,5.233932367E1,4.875670477E0,6.991769326E0,1.223848350E-2,2.677597422E2,4.742121337E0,3.367019788E0
8.973169382E2,5.233932406E1,4.875669181E0,7.193025225E0,1.650166940E-2,2.677597412E2,4.742262730E0,3.366820641E0
8.983169553E2,5.233932380E1,4.875667746E0,7.466936875E0,1.217443658E-2,2.677597401E2,4.742465013E0,3.366535702E0
8.993169739E2,5.233932345E1,4.875664680E0,7.859556886E0,2.193845574E-2,2.677597377E2,4.742654885E0,3.366268211E0