"Time (s)","Latitude (°)","Longitude (°)","Height (m)","Velocity (m/s)","Direction (°)","Horizontal Accuracy (m)","Vertical Accuracy (°)"
7.344942093E-1,5.233911695E1,4.875491640E0,-7.299023874E0,0.000000000E0,8.595138345E1,4.742316421E0,3.366745015E0
1.734495759E0,5.233911695E1,4.875491640E0,-7.299023874E0,0.000000000E0,8.595138345E1,4.742255135E0,3.366831340E0
2.734498501E0,5.233911695E1,4.875491640E0,-7.299023874E0,0.000000000E0,8.595138345E1,4.742282308E0,3.366793066E0
3.734495878E0,5.233911695E1,4.875491640E0,-7.299023874E0,0.000000000E0,8.595138345E1,4.742144947E0,3.366986536E0
4.734496117E0,5.233911695E1,4.875491640E0,-7.299023874E0,0.000000000E0,8.595138345E1,4.742308964E0,3.366755519E0
5.734497428E0,5.233911695E1,4.875491640E0,-7.299023874E0,0.000000000E0,8.595138345E1,4.742390337E0,3.366640896E0
6.734497070E0,5.233911695E1,4.875491640E0,-7.299023874E0,0.000000000E0,8.595138345E1,4.742510390E0,3.366471779E0
7.734498382E0,5.233911695E1,4.875491640E0,-7.299023874E0,0.000000000E0,8.595138345E1,4.742556783E0,3.366406421E0
8.734498262E0,5.233911695E1,4.875491640E0,-7.299023874E0,0.000000000E0,8.595138345E1,4.742597298E0,3.366349343E0
9.734499574E0,5.233911695E1,4.875491640E0,-7.299023874E0,0.000000000E0,8.595138345E1,4.742627460E0,3.366306850E0
1.073450017E1,5.233911945E1,4.875491894E0,-7.861523754E0,3.988402104E-3,8.595138370E1,4.742613146E0,3.366327017E0
1.173450041E1,5.233911944E1,4.875491612E0,-7.896098197E0,1.848414732E-3,8.595138348E1,4.742513675E0,3.366467151E0
1.273450065E1,5.233911925E1,4.875491699E0,-7.941037379E0,3.777106732E-3,8.595138354E1,4.742326330E0,3.366731057E0
1.373450112E1,5.233911938E1,4.875491498E0,-7.992214715E0,3.209782690E-3,8.595138339E1,4.742013265E0,3.367171992E0
1.473450255E1,5.233911940E1,4.875491861E0,-8.037532551E0,5.012307082E-3,8.595138367E1,4.741695561E0,3.367619373E0
1.573450291E1,5.233911921E1,4.875492455E0,-7.984575491E0,6.236076126E-3,8.595138414E1,4.741411076E0,3.368019899E0
1.673450279E1,5.233911902E1,4.875492977E0,-7.929109644E0,6.917101901E-3,8.595138455E1,4.741158254E0,3.368375787E0
1.773450387E1,5.233911896E1,4.875493472E0,-7.869609478E0,9.427418711E-3,8.595138494E1,4.740731876E0,3.368975855E0
1.873450339E1,5.233911881E1,4.875493666E0,-7.897249212E0,4.485377432E-3,8.595138509E1,4.740267223E0,3.369629607E0
1.973450422E1,5.233911874E1,4.875493769E0,-7.994965999E0,4.580766441E-3,8.595138517E1,4.739619888E0,3.370540067E0
2.073450494E1,5.233911862E1,4.875493916E0,-8.000735328E0,6.576583069E-3,8.595138528E1,4.739223422E0,3.371097505E0
2.173450553E1,5.233911834E1,4.875493598E0,-8.054566646E0,6.434354763E-3,8.595138502E1,4.738921012E0,3.371522605E0
2.273450541E1,5.233911833E1,4.875493768E0,-8.143695895E0,1.581885599E-2,8.595138516E1,4.738401460E0,3.372252754E0
2.373450661E1,5.233911879E1,4.875495232E0,-8.197205495E0,1.219119693E-1,8.595138633E1,4.738301812E0,3.372392767E0
2.473450696E1,5.233911909E1,4.875506934E0,-8.044061407E0,6.771874929E-1,8.595139559E1,4.738267208E0,3.372441385E0
2.573450649E1,5.233912042E1,4.875529597E0,-8.003921692E0,1.399916429E0,8.595141353E1,4.737865216E0,3.373006111E0
2.673450804E1,5.233912105E1,4.875564791E0,-7.910832227E0,2.187629412E0,8.680479399E1,4.736792189E0,3.374512823E0
2.773439944E1,5.233912314E1,4.875610845E0,-7.809322944E0,2.962430058E0,8.658526224E1,4.730942652E0,3.382708774E0
2.873439753E1,5.233912570E1,4.875670765E0,-7.587400680E0,3.869795236E0,8.640660217E1,4.729463622E0,3.384776341E0
2.973440051E1,5.233912838E1,4.875744297E0,-7.429582993E0,4.800743414E0,8.635327413E1,4.729600704E0,3.384584792E0
3.073440504E1,5.233913167E1,4.875828101E0,-7.358585006E0,5.672425502E0,8.628236428E1,4.730073678E0,3.383923764E0
3.173440719E1,5.233913553E1,4.875926234E0,-7.101754088E0,6.566897733E0,8.630364739E1,4.730523262E0,3.383295243E0
3.273440683E1,5.233914002E1,4.876036487E0,-6.981409254E0,7.449041834E0,8.624396470E1,4.730953781E0,3.382693211E0
3.373440850E1,5.233914517E1,4.876159604E0,-6.549092605E0,8.354911668E0,8.619347259E1,4.731669433E0,3.381692092E0
3.473440838E1,5.233914997E1,4.876295929E0,-6.638641033E0,9.267954689E0,8.622382219E1,4.733377241E0,3.379301249E0
3.573441184E1,5.233915558E1,4.876445153E0,-6.503083010E0,1.015169210E1,8.622891449E1,4.734221841E0,3.378117906E0
3.673441255E1,5.233916157E1,4.876604225E0,-6.632277383E0,1.094167216E1,8.629219000E1,4.736273460E0,3.375240843E0
3.773441362E1,5.233916927E1,4.876774367E0,-6.751552507E0,1.163632172E1,8.614682183E1,4.737454465E0,3.373582995E0
3.873441446E1,5.233917622E1,4.876953892E0,-6.838581567E0,1.225603453E1,8.619818478E1,4.737218751E0,3.373913979E0
3.973441482E1,5.233918412E1,4.877142904E0,-6.657605769E0,1.288349506E1,8.610241403E1,4.737472197E0,3.373558094E0
4.073441601E1,5.233919230E1,4.877340310E0,-6.526853392E0,1.350190271E1,8.602431585E1,4.737734514E0,3.373189693E0
4.173442113E1,5.233920088E1,4.877548784E0,-6.668772804E0,1.420559320E1,8.607031497E1,4.737885706E0,3.372977330E0
4.273442233E1,5.233921010E1,4.877766339E0,-6.699442843E0,1.485706687E1,8.617205199E1,4.737987121E0,3.372834872E0
4.373442292E1,5.233921874E1,4.877993872E0,-6.832336882E0,1.550379557E1,8.630645570E1,4.737757623E0,3.373157236E0
4.473442531E1,5.233922763E1,4.878230543E0,-7.108227012E0,1.615003087E1,8.619899540E1,4.737342870E0,3.373739700E0
4.573442519E1,5.233923677E1,4.878474163E0,-7.176286034E0,1.669398804E1,8.622537556E1,4.737129424E0,3.374039398E0
4.673442626E1,5.233924769E1,4.878726358E0,-7.348750816E0,1.725978592E1,8.598416945E1,4.736771173E0,3.374542323E0
4.773442733E1,5.233925875E1,4.878985135E0,-7.651720688E0,1.779743218E1,8.584239443E1,4.736900876E0,3.374360254E0
4.873442721E1,5.233926904E1,4.879253727E0,-7.807489947E0,1.831938298E1,8.605698274E1,4.736791452E0,3.374513858E0
4.973442841E1,5.233928048E1,4.879530423E0,-8.003062095E0,1.884041897E1,8.592133759E1,4.736709158E0,3.374629370E0
5.073442876E1,5.233929087E1,4.879811742E0,-8.188957074E0,1.906344372E1,8.611755926E1,4.736781651E0,3.374527615E0
5.173442936E1,5.233930171E1,4.880089486E0,-8.178458077E0,1.901937084E1,8.615492069E1,4.737010638E0,3.374206166E0
5.273443079E1,5.233931218E1,4.880368309E0,-8.337662878E0,1.899525640E1,8.641186987E1,4.736967938E0,3.374266111E0
5.373443139E1,5.233932137E1,4.880647227E0,-7.402878183E0,1.893380785E1,8.690323224E1,4.737784670E0,3.373119247E0
5.473443198E1,5.233932830E1,4.880926635E0,-6.907878824E0,1.893045143E1,8.771377889E1,4.738517770E0,3.372089320E0
5.573443270E1,5.233933069E1,4.881205605E0,-6.286078529E0,1.891508209E1,8.898332545E1,4.739189116E0,3.371145733E0
5.673443305E1,5.233933155E1,4.881484730E0,-5.654203234E0,1.883873291E1,8.984169655E1,4.739606900E0,3.370558332E0
5.773443425E1,5.233932817E1,4.881762868E0,-4.939099698E0,1.877281780E1,9.096038629E1,4.739851407E0,3.370214484E0
5.873443544E1,5.233931988E1,4.882039981E0,-4.586015521E0,1.880036034E1,9.245596967E1,4.740309149E0,3.369570627E0
5.973443532E1,5.233930733E1,4.882315708E0,-4.344109846E0,1.877711878E1,9.397519532E1,4.740857320E0,3.368799327E0
6.073443592E1,5.233929103E1,4.882590149E0,-3.910006918E0,1.872920902E1,9.537730279E1,4.741225816E0,3.368280689E0
6.173443675E1,5.233927077E1,4.882860254E0,-3.694000162E0,1.863531540E1,9.668687657E1,4.741666185E0,3.367660735E0
6.273443794E1,5.233924614E1,4.883131896E0,-3.489249318E0,1.863281148E1,9.815034126E1,4.741860822E0,3.367386668E0
6.373443830E1,5.233921755E1,4.883403345E0,-3.233167846E0,1.867084603E1,9.951399919E1,4.741915721E0,3.367309360E0
6.473443866E1,5.233918617E1,4.883670424E0,-2.951512304E0,1.860181915E1,1.006571878E2,4.741862276E0,3.367384622E0
6.573443961E1,5.233915425E1,4.883937149E0,-2.819426791E0,1.856290925E1,1.010896466E2,4.742212598E0,3.366891253E0
6.673444331E1,5.233912280E1,4.884203318E0,-2.709483563E0,1.850021497E1,1.009411722E2,4.742365192E0,3.366676317E0
6.773444176E1,5.233908935E1,4.884470314E0,-2.576679191E0,1.851855685E1,1.012113275E2,4.742525991E0,3.366449800E0
6.873444235E1,5.233905725E1,4.884735180E0,-2.400038738E0,1.844067830E1,1.013518032E2,4.742502909E0,3.366482318E0
6.973444319E1,5.233901827E1,4.884999960E0,-2.228739408E0,1.844500190E1,1.029942927E2,4.742447465E0,3.366560423E0
7.073444366E1,5.233897597E1,4.885262298E0,-1.969647189E0,1.842511760E1,1.045327998E2,4.742678884E0,3.366234399E0
7.173444366E1,5.233892792E1,4.885520182E0,-1.641701836E0,1.836620232E1,1.062406728E2,4.743111352E0,3.365625014E0
7.273444486E1,5.233887919E1,4.885776002E0,-1.376501851E0,1.831006555E1,1.074704940E2,4.743206914E0,3.365490336E0
7.373444533E1,5.233882574E1,4.886027565E0,-1.269939403E0,1.823202880E1,1.089063413E2,4.743707507E0,3.364784706E0
7.473444653E1,5.233876984E1,4.886274427E0,-1.155200288E0,1.808517660E1,1.102089859E2,4.743743037E0,3.364734616E0
7.573444700E1,5.233871182E1,4.886517716E0,-9.455109965E-1,1.784072559E1,1.113927729E2,4.743686614E0,3.364814162E0
7.673444748E1,5.233865086E1,4.886754409E0,-9.419422504E-1,1.759014893E1,1.125668994E2,4.743222904E0,3.365467801E0
7.773444831E1,5.233858670E1,4.886982923E0,-8.908333415E-1,1.719128697E1,1.140774544E2,4.742795129E0,3.366070617E0
7.873444903E1,5.233852169E1,4.887202885E0,-8.932584934E-1,1.666102427E1,1.154824742E2,4.742532177E0,3.366441086E0
7.973444951E1,5.233845633E1,4.887413156E0,-1.001017414E0,1.608713934E1,1.166940324E2,4.742183039E0,3.366932885E0
8.073445034E1,5.233839071E1,4.887612189E0,-7.154186321E-1,1.541916543E1,1.179847704E2,4.741908242E0,3.367319893E0
8.173445070E1,5.233832594E1,4.887802172E0,-6.129424907E-1,1.479426817E1,1.189682678E2,4.741520440E0,3.367865934E0
8.273445153E1,5.233826153E1,4.887980483E0,-3.062075600E-1,1.418905511E1,1.201339899E2,4.741267193E0,3.368222444E0
8.373445261E1,5.233819818E1,4.888149847E0,-1.479327930E-1,1.351060886E1,1.212588292E2,4.740812293E0,3.368862692E0
8.473445296E1,5.233813636E1,4.888311092E0,3.734111879E-2,1.283077275E1,1.220873524E2,4.740280842E0,3.369610448E0
8.573445427E1,5.233807718E1,4.888459812E0,2.695889967E-1,1.210057900E1,1.227290147E2,4.739821499E0,3.370256547E0
8.673445511E1,5.233801815E1,4.888597623E0,5.600950429E-1,1.140982348E1,1.238998873E2,4.739709664E0,3.370413823E0
8.773445559E1,5.233796176E1,4.888726910E0,6.915445747E-1,1.075450246E1,1.246487808E2,4.739457358E0,3.370768604E0
8.873445678E1,5.233790757E1,4.888847081E0,6.303729322E-1,1.012174467E1,1.253384531E2,4.738937017E0,3.371500108E0
8.973445594E1,5.233785557E1,4.888961968E0,1.035358058E0,9.579178997E0,1.258742931E2,4.738603456E0,3.371968908E0
9.073445749E1,5.233780777E1,4.889065103E0,1.228622407E0,8.897793573E0,1.265637427E2,4.738377047E0,3.372287057E0
9.173445797E1,5.233776279E1,4.889159419E0,1.424523576E0,8.220254768E0,1.273492281E2,4.738258431E0,3.372453717E0
9.273445916E1,5.233772150E1,4.889244197E0,1.394338681E0,7.500134960E0,1.280352312E2,4.738113687E0,3.372657071E0
9.373445964E1,5.233768153E1,4.889322341E0,1.592183329E0,6.896364713E0,1.287951157E2,4.737557635E0,3.373438111E0
9.473446023E1,5.233764462E1,4.889398471E0,1.721103257E0,6.440182089E0,1.289311570E2,4.736834336E0,3.374453661E0
9.573446047E1,5.233761039E1,4.889467242E0,1.958005616E0,6.001100190E0,1.292720449E2,4.736112919E0,3.375466109E0
9.673446202E1,5.233757639E1,4.889533476E0,2.122968744E0,5.642643239E0,1.297920054E2,4.735558950E0,3.376243247E0
9.773446202E1,5.233754917E1,4.889591361E0,2.152946854E0,5.094315250E0,1.295725614E2,4.734095465E0,3.378295008E0
9.873446274E1,5.233752401E1,4.889643603E0,2.181509447E0,4.580002762E0,1.295838958E2,4.732392095E0,3.380680714E0
9.973446274E1,5.233750076E1,4.889689952E0,2.374976732E0,4.014335935E0,1.297575061E2,4.732222588E0,3.380917983E0
1.007344638E2,5.233748201E1,4.889727895E0,2.524429908E0,3.381655692E0,1.298998949E2,4.731559533E0,3.381845860E0
1.017344642E2,5.233746588E1,4.889759237E0,2.670334394E0,2.794595902E0,1.304417322E2,4.731309411E0,3.382195779E0
1.027344656E2,5.233745415E1,4.889783784E0,2.486336606E0,2.190595667E0,1.306303103E2,4.731009691E0,3.382615014E0
1.037344666E2,5.233744598E1,4.889801112E0,2.401259314E0,1.576458332E0,1.302151542E2,4.731175276E0,3.382383411E0
1.047344679E2,5.233744092E1,4.889811282E0,2.468645417E0,8.976634339E-1,1.302877514E2,4.739902331E0,3.370142865E0
1.057344677E2,5.233743956E1,4.889812833E0,2.552064342E0,1.865066516E-1,1.302877526E2,4.740297214E0,3.369587416E0
1.067344679E2,5.233743871E1,4.889813703E0,2.607112401E0,1.732915782E-2,1.302877533E2,4.740635576E0,3.369111361E0
1.077344687E2,5.233743803E1,4.889814792E0,2.544034998E0,7.316066243E-3,1.302877541E2,4.740852696E0,3.368805834E0
1.087344692E2,5.233743684E1,4.889816164E0,2.605305181E0,1.978839484E-2,1.302877552E2,4.741055551E0,3.368520342E0
1.097344700E2,5.233743599E1,4.889816066E0,2.637772611E0,2.261091007E-3,1.302877551E2,4.741312927E0,3.368158067E0
1.107344702E2,5.233743542E1,4.889816066E0,2.657719038E0,5.086735260E-3,1.302877551E2,4.741452446E0,3.367961658E0
1.117344723E2,5.233743406E1,4.889815173E0,2.776733684E0,1.958142159E-2,1.302877544E2,4.741689457E0,3.367627967E0
1.127344724E2,5.233743352E1,4.889813486E0,2.870018864E0,6.584970087E-3,1.302877531E2,4.741725028E0,3.367577883E0
1.137344730E2,5.233743322E1,4.889811389E0,2.971710945E0,5.888461468E-3,1.302877515E2,4.741791314E0,3.367484546E0
1.147344739E2,5.233743292E1,4.889810690E0,2.935442598E0,2.425996828E-3,1.302877509E2,4.741825951E0,3.367435773E0
1.157344750E2,5.233743215E1,4.889810207E0,3.013959982E0,4.043538702E-3,1.302877505E2,4.741819606E0,3.367444707E0
1.167344744E2,5.233743095E1,4.889809653E0,3.047342730E0,1.735821491E-2,1.302877501E2,4.741739382E0,3.367557671E0
1.177344754E2,5.233742954E1,4.889809216E0,3.193000901E0,1.422333548E-2,1.302877497E2,4.741624827E0,3.367718965E0
1.187344761E2,5.233742944E1,4.889808053E0,3.232600531E0,0.000000000E0,1.302877488E2,4.741316574E0,3.368152933E0
1.197344763E2,5.233742786E1,4.889807653E0,3.423426894E0,0.000000000E0,1.302877485E2,4.741073359E0,3.368495278E0
1.207344775E2,5.233742786E1,4.889807653E0,3.423426894E0,0.000000000E0,1.302877485E2,4.740657453E0,3.369080578E0
1.217344775E2,5.233742786E1,4.889807653E0,3.423426894E0,0.000000000E0,1.302877485E2,4.740495520E0,3.369308424E0
1.227344787E2,5.233742786E1,4.889807653E0,3.423426894E0,0.000000000E0,1.302877485E2,4.740176570E0,3.369757131E0
1.237344794E2,5.233742786E1,4.889807653E0,3.423426894E0,0.000000000E0,1.302877485E2,4.739969625E0,3.370048217E0
1.247344798E2,5.233742786E1,4.889807653E0,3.423426894E0,0.000000000E0,1.302877485E2,4.741143500E0,3.368396553E0
1.257344811E2,5.233742786E1,4.889807653E0,3.423426894E0,0.000000000E0,1.302877485E2,4.741452517E0,3.367961559E0
1.267344816E2,5.233742786E1,4.889807653E0,3.423426894E0,0.000000000E0,1.302877485E2,4.741605338E0,3.367746405E0
1.277344823E2,5.233742786E1,4.889807653E0,3.423426894E0,0.000000000E0,1.302877485E2,4.741728584E0,3.367572876E0
1.287344825E2,5.233742786E1,4.889807653E0,3.423426894E0,0.000000000E0,1.302877485E2,4.741787656E0,3.367489696E0
1.297344828E2,5.233742786E1,4.889807653E0,3.423426894E0,0.000000000E0,1.302877485E2,4.741843644E0,3.367410858E0
1.307344835E2,5.233742786E1,4.889807653E0,3.423426894E0,0.000000000E0,1.302877485E2,4.741883515E0,3.367354714E0
1.317344854E2,5.233742786E1,4.889807653E0,3.423426894E0,0.000000000E0,1.302877485E2,4.741930593E0,3.367288416E0
1.327344850E2,5.233742786E1,4.889807653E0,3.423426894E0,0.000000000E0,1.302877485E2,4.741975252E0,3.367225526E0
1.337344868E2,5.233742786E1,4.889807653E0,3.423426894E0,0.000000000E0,1.302877485E2,4.742055662E0,3.367112283E0
1.347344873E2,5.233742786E1,4.889807653E0,3.423426894E0,0.000000000E0,1.302877485E2,4.742105828E0,3.367041632E0
1.357344875E2,5.233742786E1,4.889807653E0,3.423426894E0,0.000000000E0,1.302877485E2,4.742178026E0,3.366939947E0
1.367344875E2,5.233742786E1,4.889807653E0,3.423426894E0,0.000000000E0,1.302877485E2,4.742280586E0,3.366795491E0
1.377344881E2,5.233742786E1,4.889807653E0,3.423426894E0,0.000000000E0,1.302877485E2,4.742357615E0,3.366686989E0
1.387344899E2,5.233742786E1,4.889807653E0,3.423426894E0,0.000000000E0,1.302877485E2,4.742393712E0,3.366636143E0
1.397344902E2,5.233742786E1,4.889807653E0,3.423426894E0,0.000000000E0,1.302877485E2,4.742437635E0,3.366574269E0
1.407344910E2,5.233742786E1,4.889807653E0,3.423426894E0,0.000000000E0,1.302877485E2,4.742504427E0,3.366480178E0
1.417344916E2,5.233742786E1,4.889807653E0,3.423426894E0,0.000000000E0,1.302877485E2,4.742547458E0,3.366419558E0
1.427344917E2,5.233742786E1,4.889807653E0,3.423426894E0,0.000000000E0,1.302877485E2,4.742607747E0,3.366334622E0
1.437344923E2,5.233742786E1,4.889807653E0,3.423426894E0,0.000000000E0,1.302877485E2,4.742685943E0,3.366224454E0
1.447344935E2,5.233742786E1,4.889807653E0,3.423426894E0,0.000000000E0,1.302877485E2,4.742723029E0,3.366172203E0
1.457344939E2,5.233742786E1,4.889807653E0,3.423426894E0,0.000000000E0,1.302877485E2,4.742767479E0,3.366109576E0
1.467344952E2,5.233742786E1,4.889807653E0,3.423426894E0,0.000000000E0,1.302877485E2,4.742794186E0,3.366071946E0
1.477344952E2,5.233742786E1,4.889807653E0,3.423426894E0,0.000000000E0,1.302877485E2,4.742830567E0,3.366020684E0
1.487344958E2,5.233742786E1,4.889807653E0,3.423426894E0,0.000000000E0,1.302877485E2,4.742849248E0,3.365994362E0
1.497344962E2,5.233742786E1,4.889807653E0,3.423426894E0,0.000000000E0,1.302877485E2,4.742877419E0,3.365954668E0
1.507344972E2,5.233742786E1,4.889807653E0,3.423426894E0,0.000000000E0,1.302877485E2,4.742892715E0,3.365933114E0
1.517344975E2,5.233742786E1,4.889807653E0,3.423426894E0,0.000000000E0,1.302877485E2,4.742919017E0,3.365896051E0
1.527344990E2,5.233742786E1,4.889807653E0,3.423426894E0,0.000000000E0,1.302877485E2,4.742940221E0,3.365866173E0
1.537343106E2,5.233742786E1,4.889807653E0,3.423426894E0,0.000000000E0,1.302877485E2,4.742986945E0,3.365800331E0
1.547343050E2,5.233742786E1,4.889807653E0,3.423426894E0,0.000000000E0,1.302877485E2,4.743015350E0,3.365760303E0
1.557343085E2,5.233742786E1,4.889807653E0,3.423426894E0,0.000000000E0,1.302877485E2,4.743047365E0,3.365715188E0
1.567343073E2,5.233742786E1,4.889807653E0,3.423426894E0,0.000000000E0,1.302877485E2,4.743085167E0,3.365661915E0
1.577343088E2,5.233742786E1,4.889807653E0,3.423426894E0,0.000000000E0,1.302877485E2,4.743106082E0,3.365632441E0
1.587343144E2,5.233742786E1,4.889807653E0,3.423426894E0,0.000000000E0,1.302877485E2,4.743124229E0,3.365606867E0
1.597343158E2,5.233742786E1,4.889807653E0,3.423426894E0,0.000000000E0,1.302877485E2,4.743150812E0,3.365569403E0
1.607343159E2,5.233742786E1,4.889807653E0,3.423426894E0,0.000000000E0,1.302877485E2,4.743180495E0,3.365527570E0
1.617343200E2,5.233742786E1,4.889807653E0,3.423426894E0,0.000000000E0,1.302877485E2,4.743193260E0,3.365509580E0
1.627343216E2,5.233742786E1,4.889807653E0,3.423426894E0,0.000000000E0,1.302877485E2,4.743232219E0,3.365454672E0
1.637343221E2,5.233742786E1,4.889807653E0,3.423426894E0,0.000000000E0,1.302877485E2,4.743278180E0,3.365389894E0
1.647343253E2,5.233742786E1,4.889807653E0,3.423426894E0,0.000000000E0,1.302877485E2,4.743324017E0,3.365325289E0
1.657343272E2,5.233742786E1,4.889807653E0,3.423426894E0,0.000000000E0,1.302877485E2,4.743383228E0,3.365241831E0
1.667343291E2,5.233742786E1,4.889807653E0,3.423426894E0,0.000000000E0,1.302877485E2,4.743456329E0,3.365138792E0
1.677343354E2,5.233740960E1,4.889824814E0,2.364204014E0,1.234322489E-2,1.302877621E2,4.743506300E0,3.365068351E0
1.687343411E2,5.233740960E1,4.889824842E0,2.366411607E0,0.000000000E0,1.302877621E2,4.743560707E0,3.364991657E0
1.697343466E2,5.233740960E1,4.889824842E0,2.366411607E0,0.000000000E0,1.302877621E2,4.743576710E0,3.364969098E0
1.707343518E2,5.233740922E1,4.889830244E0,2.475752605E0,8.995593917E-3,1.302877664E2,4.743588304E0,3.364952754E0
1.717343559E2,5.233740914E1,4.889831872E0,2.515493311E0,0.000000000E0,1.302877677E2,4.743549364E0,3.365007646E0
1.727343606E2,5.233740914E1,4.889831872E0,2.515493311E0,0.000000000E0,1.302877677E2,4.743398919E0,3.365219714E0
1.737343653E2,5.233740914E1,4.889831872E0,2.515493311E0,0.000000000E0,1.302877677E2,4.743190402E0,3.365513608E0
1.747343692E2,5.233740914E1,4.889831872E0,2.515493311E0,0.000000000E0,1.302877677E2,4.742881976E0,3.365948246E0
1.757343739E2,5.233740914E1,4.889831872E0,2.515493311E0,0.000000000E0,1.302877677E2,4.742533926E0,3.366438621E0
1.767343770E2,5.233740914E1,4.889831872E0,2.515493311E0,0.000000000E0,1.302877677E2,4.742149220E0,3.366980518E0
1.777343805E2,5.233740914E1,4.889831872E0,2.515493311E0,0.000000000E0,1.302877677E2,4.742914656E0,3.365902196E0
1.787343838E2,5.233740733E1,4.889840997E0,3.107598255E0,1.254565967E-1,1.302877749E2,4.742702443E0,3.366201207E0
1.797343872E2,5.233740146E1,4.889852597E0,3.238953865E0,8.391944399E-1,1.302877841E2,4.742497643E0,3.366489735E0
1.807343903E2,5.233739071E1,4.889875145E0,3.378403040E0,1.726948622E0,1.302878019E2,4.742131547E0,3.367005409E0
1.817343938E2,5.233737511E1,4.889906546E0,3.489288926E0,2.533928600E0,1.294002566E2,4.738982478E0,3.371436208E0
1.827343966E2,5.233735449E1,4.889948433E0,3.458244658E0,3.467060512E0,1.297171922E2,4.736258914E0,3.375261254E0
1.837343985E2,5.233733010E1,4.889996000E0,3.316932486E0,4.267865074E0,1.298722352E2,4.735486844E0,3.376344382E0
1.847344023E2,5.233730023E1,4.890053768E0,3.507683295E0,5.085288289E0,1.297722178E2,4.735712108E0,3.376028415E0
1.857344043E2,5.233726731E1,4.890118944E0,3.466192536E0,5.849803034E0,1.297918044E2,4.736330452E0,3.375160867E0
1.867344085E2,5.233722711E1,4.890199617E0,3.484345809E0,6.822584363E0,1.297799842E2,4.735634950E0,3.376136647E0
1.877344089E2,5.233718258E1,4.890286545E0,3.535719929E0,7.764775449E0,1.298190248E2,4.735445484E0,3.376402390E0
1.887344111E2,5.233713300E1,4.890388557E0,3.495329513E0,8.825954393E0,1.296684807E2,4.735164935E0,3.376795829E0
1.897344137E2,5.233707833E1,4.890490265E0,3.391708842E0,9.640025069E0,1.298399689E2,4.734587918E0,3.377604815E0
1.907344154E2,5.233701725E1,4.890607017E0,3.558600903E0,1.054696237E1,1.299139319E2,4.733388573E0,3.379285376E0
1.917344172E2,5.233695301E1,4.890733676E0,3.971027105E0,1.132902849E1,1.300625879E2,4.734973778E0,3.377063865E0
1.927344187E2,5.233688627E1,4.890865626E0,4.455784955E0,1.200845195E1,1.299549506E2,4.736953707E0,3.374286089E0
1.937344208E2,5.233681329E1,4.891004914E0,4.741517161E0,1.275214324E1,1.302380014E2,4.737470167E0,3.373560945E0
1.947344236E2,5.233673324E1,4.891148068E0,4.780177049E0,1.343998074E1,1.312048354E2,4.739479992E0,3.370736779E0
1.957344246E2,5.233665280E1,4.891302152E0,5.952611499E0,1.408871810E1,1.316980197E2,4.739225948E0,3.371093954E0
1.967344269E2,5.233656646E1,4.891462710E0,6.467829593E0,1.478889050E1,1.319892260E2,4.739272176E0,3.371028964E0
1.977344286E2,5.233647543E1,4.891630913E0,7.013225837E0,1.541384816E1,1.322129303E2,4.739686507E0,3.370446387E0
1.987344308E2,5.233638275E1,4.891807949E0,7.600174977E0,1.606886797E1,1.322784589E2,4.739419354E0,3.370822039E0
1.997344315E2,5.233628405E1,4.891987737E0,7.390140451E0,1.666884587E1,1.324989298E2,4.737803858E0,3.373092296E0
2.007344329E2,5.233619386E1,4.892191974E0,6.527468064E0,1.725607312E1,1.303583066E2,4.738074615E0,3.372711962E0
2.017344345E2,5.233609716E1,4.892389905E0,5.467625844E0,1.772647482E1,1.292929914E2,4.739423603E0,3.370816066E0
2.027344366E2,5.233599482E1,4.892591554E0,5.184875006E0,1.818260822E1,1.295850466E2,4.740035933E0,3.369954953E0
2.037344377E2,5.233588736E1,4.892798637E0,4.693260686E0,1.870132619E1,1.300979140E2,4.740335669E0,3.369533317E0
2.047344388E2,5.233577698E1,4.893007688E0,4.631721604E0,1.897807062E1,1.305245372E2,4.740570755E0,3.369202569E0
2.057344404E2,5.233566621E1,4.893213405E0,4.508473256E0,1.889030971E1,1.310631246E2,4.740647786E0,3.369094182E0
2.067344410E2,5.233555563E1,4.893420033E0,4.370472840E0,1.879717813E1,1.311904033E2,4.740670628E0,3.369062040E0
2.077344429E2,5.233544522E1,4.893626463E0,4.171067031E0,1.873212792E1,1.311512552E2,4.740712183E0,3.369003566E0
2.087344437E2,5.233533429E1,4.893830556E0,4.007121470E0,1.865386319E1,1.313229080E2,4.740651110E0,3.369089504E0
2.097344459E2,5.233522478E1,4.894036199E0,3.875082414E0,1.857959472E1,1.312649581E2,4.740778310E0,3.368910513E0
2.107344471E2,5.233511530E1,4.894240264E0,3.727541283E0,1.850440293E1,1.311859486E2,4.740890135E0,3.368753146E0
2.117344477E2,5.233500651E1,4.894442652E0,3.757631056E0,1.842477462E1,1.312782088E2,4.741613838E0,3.367734438E0
2.127344497E2,5.233489828E1,4.894647204E0,3.948841066E0,1.836813248E1,1.311071353E2,4.742053996E0,3.367114630E0
2.137344501E2,5.233479028E1,4.894847938E0,4.053098474E0,1.825741516E1,1.311254391E2,4.742326726E0,3.366730499E0
2.147344518E2,5.233468463E1,4.895044125E0,4.234864615E0,1.801923667E1,1.311106547E2,4.742674184E0,3.366241021E0
2.157344530E2,5.233457831E1,4.895248368E0,4.251124480E0,1.806622394E1,1.307003377E2,4.743016956E0,3.365758041E0
2.167344540E2,5.233447308E1,4.895451316E0,4.353990139E0,1.806186945E1,1.303288971E2,4.743165490E0,3.365548716E0
2.177344550E2,5.233436939E1,4.895655742E0,4.477719190E0,1.803939467E1,1.297775289E2,4.743320297E0,3.365330532E0
2.187344561E2,5.233426675E1,4.895859185E0,4.935933609E0,1.795606554E1,1.293836297E2,4.743627644E0,3.364897296E0
2.197344574E2,5.233416489E1,4.896061920E0,5.014865274E0,1.786103489E1,1.291960036E2,4.743730502E0,3.364752287E0
2.207344579E2,5.233406417E1,4.896265403E0,5.084706200E0,1.780251493E1,1.290514455E2,4.743832512E0,3.364608466E0
2.217344592E2,5.233396503E1,4.896468095E0,5.179411210E0,1.771138105E1,1.288759888E2,4.743914765E0,3.364492493E0
2.227344607E2,5.233386663E1,4.896670718E0,5.383207642E0,1.763195138E1,1.286658357E2,4.743960107E0,3.364428561E0
2.237344615E2,5.233376822E1,4.896870924E0,5.519353299E0,1.754376667E1,1.286917078E2,4.744122429E0,3.364199669E0
2.247344626E2,5.233367004E1,4.897070141E0,5.782508493E0,1.744679310E1,1.287169623E2,4.744190242E0,3.364104038E0
2.257344632E2,5.233357256E1,4.897268399E0,5.911938618E0,1.735046276E1,1.286620693E2,4.744208184E0,3.364078736E0
2.267344643E2,5.233347489E1,4.897465719E0,5.838277436E0,1.728742752E1,1.286856204E2,4.743838827E0,3.364599562E0
2.277344652E2,5.233337845E1,4.897664012E0,5.834355555E0,1.721883148E1,1.286163910E2,4.743762015E0,3.364707860E0
2.287344671E2,5.233328267E1,4.897861407E0,5.831011563E0,1.714580216E1,1.284622485E2,4.743514074E0,3.365057394E0
2.297344677E2,5.233318686E1,4.898059070E0,5.810401394E0,1.711687229E1,1.283227222E2,4.743319782E0,3.365331259E0
2.307344688E2,5.233309084E1,4.898254456E0,5.917964279E0,1.705959864E1,1.283221017E2,4.743291825E0,3.365370662E0
2.317344695E2,5.233299488E1,4.898446824E0,5.962170133E0,1.690885198E1,1.286629730E2,4.743295182E0,3.365365931E0
2.327344699E2,5.233290094E1,4.898638489E0,6.062528212E0,1.673157979E1,1.286656543E2,4.743210471E0,3.365485324E0
2.337344710E2,5.233280815E1,4.898827446E0,6.201937456E0,1.655205829E1,1.286401493E2,4.742927486E0,3.365884117E0
2.347344728E2,5.233271616E1,4.899014943E0,6.331481122E0,1.639631751E1,1.286572038E2,4.742609279E0,3.366332464E0
2.357344735E2,5.233262506E1,4.899200717E0,6.450429714E0,1.622853048E1,1.286219282E2,4.742360116E0,3.366683467E0
2.367344751E2,5.233253526E1,4.899384485E0,6.540842243E0,1.603988626E1,1.286284950E2,4.742529123E0,3.366445387E0
2.377344755E2,5.233244683E1,4.899567125E0,6.646599760E0,1.588006977E1,1.284708900E2,4.742676397E0,3.366237904E0
2.387344767E2,5.233235886E1,4.899746784E0,6.727592858E0,1.570198572E1,1.285188729E2,4.742670863E0,3.366245701E0
2.397344780E2,5.233227193E1,4.899924412E0,6.705218405E0,1.548374292E1,1.285912603E2,4.742754331E0,3.366128101E0
2.407344779E2,5.233218636E1,4.900098995E0,6.652547225E0,1.525732888E1,1.287105693E2,4.742804497E0,3.366057417E0
2.417344793E2,5.233210204E1,4.900270956E0,6.548540217E0,1.501282779E1,1.288527818E2,4.742719757E0,3.366176814E0
2.427344799E2,5.233201913E1,4.900440674E0,6.434640914E0,1.480868271E1,1.288134807E2,4.742683778E0,3.366227505E0
2.437344817E2,5.233193661E1,4.900611775E0,6.456713836E0,1.475362046E1,1.286344765E2,4.742697333E0,3.366208406E0
2.447344828E2,5.233185480E1,4.900781048E0,6.452534429E0,1.467624522E1,1.284701667E2,4.742700280E0,3.366204255E0
2.457344836E2,5.233177278E1,4.900949534E0,6.466223194E0,1.465603457E1,1.284553153E2,4.742744094E0,3.366142524E0
2.467344846E2,5.233169128E1,4.901118644E0,6.469509846E0,1.463718237E1,1.282898147E2,4.742895748E0,3.365928840E0
2.477344850E2,5.233161035E1,4.901287858E0,6.362209891E0,1.463060201E1,1.280479506E2,4.742967800E0,3.365827310E0
2.487344863E2,5.233152852E1,4.901459035E0,5.935142188E0,1.468574279E1,1.279487342E2,4.743022720E0,3.365749918E0
2.497344873E2,5.233144732E1,4.901629269E0,5.695299225E0,1.470282011E1,1.278393195E2,4.743149669E0,3.365571014E0
2.507344881E2,5.233136661E1,4.901801188E0,5.329376819E0,1.476440716E1,1.275677659E2,4.743266125E0,3.365406885E0
2.517344891E2,5.233128607E1,4.901972794E0,4.936481041E0,1.480963747E1,1.273902887E2,4.743426636E0,3.365180646E0
2.527344898E2,5.233120495E1,4.902147467E0,4.550989868E0,1.491655283E1,1.271374051E2,4.743478383E0,3.365107705E0
2.537344916E2,5.233112357E1,4.902323573E0,4.226532243E0,1.504754011E1,1.269953484E2,4.743803734E0,3.364649041E0
2.547344924E2,5.233104102E1,4.902503441E0,4.030984948E0,1.524615951E1,1.267650048E2,4.744011349E0,3.364356306E0
2.557344923E2,5.233095743E1,4.902683515E0,3.775021765E0,1.542016071E1,1.267016375E2,4.744269614E0,3.363992102E0
2.567344939E2,5.233087386E1,4.902868479E0,3.376077287E0,1.563127476E1,1.264660704E2,4.744389107E0,3.363823574E0
2.577344950E2,5.233078907E1,4.903054424E0,3.035757058E0,1.580287599E1,1.263662873E2,4.744414801E0,3.363787335E0
2.587344955E2,5.233070417E1,4.903244693E0,2.708283842E0,1.600686241E1,1.261211519E2,4.744403436E0,3.363803364E0
2.597344964E2,5.233061856E1,4.903436742E0,2.433206146E0,1.618438497E1,1.258723758E2,4.744271444E0,3.363989521E0
2.607344980E2,5.233053253E1,4.903632533E0,1.925926760E0,1.637188217E1,1.255581362E2,4.744377364E0,3.363840137E0
2.617344984E2,5.233044814E1,4.903832799E0,1.548414104E0,1.655065520E1,1.246161903E2,4.744389668E0,3.363822783E0
2.627344992E2,5.233036511E1,4.904037474E0,1.147640531E0,1.672283757E1,1.234512521E2,4.744235489E0,3.364040229E0
2.637345004E2,5.233028656E1,4.904248496E0,7.135055745E-1,1.687773195E1,1.215227510E2,4.743847260E0,3.364587673E0
2.647345015E2,5.233021385E1,4.904468609E0,2.340141423E-1,1.706807297E1,1.187176589E2,4.743437664E0,3.365165101E0
2.657345027E2,5.233014464E1,4.904700523E0,-2.422077581E-3,1.735654128E1,1.157891698E2,4.743052053E0,3.365708582E0
2.667345035E2,5.233008481E1,4.904937658E0,-4.140928509E-1,1.752074205E1,1.126272287E2,4.742870664E0,3.365964186E0
2.677345047E2,5.233003284E1,4.905181628E0,-1.019350326E0,1.766135981E1,1.092974674E2,4.742449558E0,3.366557474E0
2.687345052E2,5.232998807E1,4.905431222E0,-1.674908666E0,1.778683427E1,1.061281159E2,4.741560313E0,3.367809797E0
2.697345060E2,5.232995291E1,4.905687886E0,-2.040477524E0,1.792486940E1,1.028009510E2,4.741807001E0,3.367462456E0
2.707345071E2,5.232992771E1,4.905949609E0,-2.288291372E0,1.804857463E1,9.920051217E1,4.743759266E0,3.364711735E0
2.717345076E2,5.232991216E1,4.906214678E0,-2.461553086E0,1.814647138E1,9.564979062E1,4.749262986E0,3.356938803E0
2.727345086E2,5.232990665E1,4.906481733E0,-2.525524188E0,1.821201619E1,9.210695917E1,4.760946301E0,3.340348387E0
2.737345098E2,5.232991152E1,4.906748760E0,-2.510916680E0,1.821859295E1,8.844072340E1,4.782541307E0,3.309355781E0
2.747345107E2,5.232992526E1,4.907014609E0,-2.424325410E0,1.819401522E1,8.525503602E1,4.819114947E0,3.255866729E0
2.757345120E2,5.232993359E1,4.907248103E0,-2.207231629E0,1.766525262E1,8.350510628E1,4.813319798E0,3.264427906E0
2.767345132E2,5.232994628E1,4.907525657E0,-2.605872855E0,1.779788270E1,8.328411373E1,4.736511284E0,3.374907093E0
2.777345133E2,5.232997998E1,4.907790491E0,-2.694938059E0,1.779139289E1,8.201815401E1,4.726782625E0,3.388519300E0
2.787345146E2,5.233001063E1,4.908045518E0,-2.610536115E0,1.757873934E1,8.188227834E1,4.721927887E0,3.395281146E0
2.797341801E2,5.233004953E1,4.908301583E0,-1.861071239E0,1.749066215E1,8.048400320E1,4.728062875E0,3.386732715E0
2.807341770E2,5.233007824E1,4.908563075E0,-1.888024634E0,1.762165717E1,8.047864883E1,4.726474038E0,3.388949720E0
2.817341803E2,5.233010513E1,4.908824751E0,-1.069260336E0,1.773019451E1,8.072367776E1,4.724963647E0,3.391055229E0
2.827341813E2,5.233013394E1,4.909086430E0,-1.008457508E0,1.801009246E1,8.055674631E1,4.727639014E0,3.387324370E0
2.837341816E2,5.233016191E1,4.909349720E0,-4.840533072E-1,1.822363138E1,8.057145916E1,4.726981056E0,3.388242483E0
2.847341853E2,5.233019043E1,4.909614367E0,-4.272692194E-1,1.837514834E1,8.060226639E1,4.728975811E0,3.385457843E0
2.857341914E2,5.233021771E1,4.909876997E0,-2.106685508E-1,1.845263895E1,8.060697410E1,4.728986899E0,3.385442355E0
2.867341981E2,5.233024696E1,4.910145915E0,1.320097940E-1,1.859311831E1,8.042538628E1,4.732006030E0,3.381221076E0
2.877342068E2,5.233027444E1,4.910410979E0,5.948806098E-1,1.840049230E1,8.056880801E1,4.734867269E0,3.377213197E0
2.887342120E2,5.233030135E1,4.910675151E0,9.079492874E-1,1.820551658E1,8.067868235E1,4.736613085E0,3.374764216E0
2.897342193E2,5.233032808E1,4.910935837E0,1.019173509E0,1.806790831E1,8.064737304E1,4.737747129E0,3.373171976E0
2.907342309E2,5.233035517E1,4.911194304E0,1.137658196E0,1.788202275E1,8.042450927E1,4.738449119E0,3.372185787E0
2.917342354E2,5.233038149E1,4.911451823E0,1.122805839E0,1.776713924E1,8.048302285E1,4.739363921E0,3.370899978E0
2.927342416E2,5.233040850E1,4.911708523E0,1.263864374E0,1.769587260E1,8.059843776E1,4.739794185E0,3.370294959E0
2.937342511E2,5.233043616E1,4.911964868E0,1.506615952E0,1.766541735E1,8.033593940E1,4.740059987E0,3.369921120E0
2.947342581E2,5.233046207E1,4.912218407E0,1.315756533E0,1.755535485E1,8.026928408E1,4.739577825E0,3.370599215E0
2.957342638E2,5.233048799E1,4.912471495E0,1.145091624E0,1.743984389E1,8.032830883E1,4.739773731E0,3.370323725E0
2.967342700E2,5.233051465E1,4.912718961E0,1.096769159E0,1.720765835E1,8.020543342E1,4.739772771E0,3.370325075E0
2.977342763E2,5.233054135E1,4.912966185E0,1.082559889E0,1.706420049E1,8.013368515E1,4.739759091E0,3.370344313E0
2.987342808E2,5.233056785E1,4.913209507E0,9.811314102E-1,1.683679055E1,7.990278312E1,4.739932573E0,3.370100330E0
2.997342861E2,5.233059353E1,4.913449319E0,1.002832094E0,1.659390643E1,7.972523083E1,4.740141369E0,3.369806647E0
3.007342919E2,5.233062323E1,4.913684422E0,9.088412561E-1,1.629497286E1,7.843701015E1,4.740414869E0,3.369421894E0
3.017342964E2,5.233065767E1,4.913915242E0,9.449421484E-1,1.604768570E1,7.648938250E1,4.740668973E0,3.369064368E0
3.027343014E2,5.233069666E1,4.914137862E0,1.015699002E0,1.577103979E1,7.424058770E1,4.740879147E0,3.368768609E0
3.037343057E2,5.233073879E1,4.914354397E0,8.644280145E-1,1.548986902E1,7.228218995E1,4.741063481E0,3.368509181E0
3.047343099E2,5.233078598E1,4.914566426E0,8.195431037E-1,1.537621544E1,7.020169941E1,4.741149581E0,3.368387994E0
3.057343131E2,5.233083628E1,4.914776824E0,6.882303301E-1,1.535327967E1,6.863945452E1,4.741262559E0,3.368228968E0
3.067343174E2,5.233089013E1,4.914982731E0,6.711092386E-1,1.531303657E1,6.736135021E1,4.741160241E0,3.368372990E0
3.077343210E2,5.233094493E1,4.915187762E0,5.206023082E-1,1.531642013E1,6.671049122E1,4.741394918E0,3.368042646E0
3.087343240E2,5.233099976E1,4.915391124E0,2.045612978E-1,1.511414078E1,6.649940678E1,4.741456042E0,3.367956596E0
3.097343279E2,5.233105252E1,4.915588423E0,8.491030429E-2,1.477812283E1,6.655158383E1,4.741323765E0,3.368142810E0
3.107343313E2,5.233110394E1,4.915779205E0,-1.101238048E-1,1.431777925E1,6.664962109E1,4.741126927E0,3.368419881E0
3.117343347E2,5.233115287E1,4.915963148E0,-2.091345172E-1,1.378606802E1,6.672306420E1,4.741014662E0,3.368577892E0
3.127343377E2,5.233120124E1,4.916142166E0,-5.029053576E-1,1.334344322E1,6.651738542E1,4.740911617E0,3.368722914E0
3.137343403E2,5.233124864E1,4.916311638E0,-5.852849754E-1,1.274179482E1,6.606204451E1,4.740810698E0,3.368864936E0
3.147343436E2,5.233129395E1,4.916470944E0,-4.939987054E-1,1.207869675E1,6.569955724E1,4.741040148E0,3.368542021E0
3.157343465E2,5.233133794E1,4.916624883E0,-3.603384560E-1,1.162694337E1,6.531164975E1,4.741202880E0,3.368312973E0
3.167343493E2,5.233138118E1,4.916771292E0,-2.828076277E-1,1.110829812E1,6.454006782E1,4.741278538E0,3.368206475E0
3.177343515E2,5.233142270E1,4.916911021E0,-1.816923674E-1,1.060906734E1,6.440385366E1,4.740389769E0,3.369457207E0
3.187343535E2,5.233146217E1,4.917042549E0,-1.983571891E-1,1.004686703E1,6.430165858E1,4.739858187E0,3.370204949E0
3.197343570E2,5.233149935E1,4.917166717E0,-2.740859631E-1,9.458057853E0,6.421206976E1,4.739150494E0,3.371200028E0
3.207343593E2,5.233153444E1,4.917284222E0,-3.617494619E-1,8.935115991E0,6.422018817E1,4.738280895E0,3.372422155E0
3.217343615E2,5.233156809E1,4.917394259E0,-3.663595114E-1,8.440287769E0,6.411164653E1,4.738170412E0,3.372577380E0
3.227343633E2,5.233160078E1,4.917500720E0,-3.028186550E-1,8.111865216E0,6.405827984E1,4.737897921E0,3.372960172E0
3.237343663E2,5.233163166E1,4.917602766E0,-2.689250559E-1,7.776714160E0,6.406220419E1,4.737687709E0,3.373255432E0
3.247343676E2,5.233166115E1,4.917700210E0,-3.291794136E-1,7.453686582E0,6.411408778E1,4.737214447E0,3.373920023E0
3.257343700E2,5.233168885E1,4.917791680E0,-2.702965392E-1,7.006517054E0,6.408501007E1,4.737081093E0,3.374107252E0
3.267343720E2,5.233171410E1,4.917876695E0,-2.903575189E-1,6.523640330E0,6.413264357E1,4.736543134E0,3.374862393E0
3.277343745E2,5.233173711E1,4.917954034E0,-3.087270120E-1,5.991099469E0,6.415742438E1,4.735918911E0,3.375738304E0
3.287343769E2,5.233175955E1,4.918028299E0,-2.659535250E-1,5.683530415E0,6.414517435E1,4.735474539E0,3.376361640E0
3.297343787E2,5.233178048E1,4.918098534E0,-2.033661827E-1,5.338328527E0,6.416425663E1,4.735044431E0,3.376964802E0
3.307343806E2,5.233179982E1,4.918161175E0,-1.410625875E-1,4.872948790E0,6.413699274E1,4.734308549E0,3.377996387E0
3.317343824E2,5.233181721E1,4.918218099E0,-1.162253581E-1,4.379425391E0,6.413338756E1,4.733506591E0,3.379120060E0
3.327343845E2,5.233183207E1,4.918266773E0,-3.686655220E-2,3.763682737E0,6.412359469E1,4.732529750E0,3.380488012E0
3.337343861E2,5.233184371E1,4.918305272E0,2.348979563E-2,3.103770145E0,6.412467316E1,4.731482146E0,3.381954129E0
3.347343880E2,5.233185295E1,4.918335091E0,8.378807921E-2,2.496650165E0,6.411336715E1,4.730348737E0,3.383539251E0
3.357343897E2,5.233185941E1,4.918357175E0,8.276348468E-2,1.875816953E0,6.413227805E1,4.729710881E0,3.384430825E0
3.367343910E2,5.233186362E1,4.918370988E0,4.271613341E-2,1.229050528E0,6.413240724E1,4.730021108E0,3.383997245E0
3.377343928E2,5.233186421E1,4.918374310E0,-2.843324840E-2,4.456539183E-1,6.413240988E1,4.743435106E0,3.365168707E0
3.387343954E2,5.233186385E1,4.918371685E0,-1.099985745E-2,8.676581189E-3,6.413240779E1,4.743545220E0,3.365013489E0
3.397343962E2,5.233186404E1,4.918371356E0,-2.510195784E-2,1.378925358E-2,6.413240753E1,4.743639714E0,3.364880279E0
3.407343987E2,5.233186417E1,4.918371126E0,-1.436313335E-1,7.383502445E-3,6.413240734E1,4.743816168E0,3.364631510E0
3.417344002E2,5.233186424E1,4.918371421E0,-1.546899173E-1,1.304665102E-2,6.413240757E1,4.743914563E0,3.364492778E0
3.427344022E2,5.233186434E1,4.918371254E0,-1.521926951E-1,0.000000000E0,6.413240744E1,4.744002811E0,3.364368345E0
3.437344037E2,5.233186434E1,4.918371254E0,-1.521926951E-1,0.000000000E0,6.413240744E1,4.744079520E0,3.364260177E0
3.447344054E2,5.233186434E1,4.918371254E0,-1.521926951E-1,0.000000000E0,6.413240744E1,4.744132565E0,3.364185375E0
3.457344068E2,5.233186434E1,4.918371254E0,-1.521926951E-1,0.000000000E0,6.413240744E1,4.744222548E0,3.364058478E0
3.467344081E2,5.233186434E1,4.918371254E0,-1.521926951E-1,0.000000000E0,6.413240744E1,4.744323104E0,3.363916663E0
3.477344105E2,5.233186434E1,4.918371254E0,-1.521926951E-1,0.000000000E0,6.413240744E1,4.744406502E0,3.363799040E0
3.487344114E2,5.233186434E1,4.918371254E0,-1.521926951E-1,0.000000000E0,6.413240744E1,4.744485901E0,3.363687049E0
3.497344130E2,5.233186434E1,4.918371254E0,-1.521926951E-1,0.000000000E0,6.413240744E1,4.744565315E0,3.363575033E0
3.507344147E2,5.233186434E1,4.918371254E0,-1.521926951E-1,0.000000000E0,6.413240744E1,4.744656462E0,3.363446460E0
3.517344159E2,5.233186434E1,4.918371254E0,-1.521926951E-1,0.000000000E0,6.413240744E1,4.744734584E0,3.363336255E0
3.527344184E2,5.233186434E1,4.918371254E0,-1.521926951E-1,0.000000000E0,6.413240744E1,4.744814522E0,3.363223482E0
3.537344201E2,5.233186434E1,4.918371254E0,-1.521926951E-1,0.000000000E0,6.413240744E1,4.744897964E0,3.363105758E0
3.547344214E2,5.233186434E1,4.918371254E0,-1.521926951E-1,0.000000000E0,6.413240744E1,4.744974171E0,3.362998238E0
3.557344224E2,5.233186434E1,4.918371254E0,-1.521926951E-1,0.000000000E0,6.413240744E1,4.745042537E0,3.362901776E0
3.567344234E2,5.233186434E1,4.918371254E0,-1.521926951E-1,0.000000000E0,6.413240744E1,4.745113757E0,3.362801283E0
3.577344255E2,5.233186434E1,4.918371254E0,-1.521926951E-1,0.000000000E0,6.413240744E1,4.745175485E0,3.362714179E0
3.587344273E2,5.233186434E1,4.918371254E0,-1.521926951E-1,0.000000000E0,6.413240744E1,4.745246766E0,3.362613591E0
3.597344290E2,5.233186434E1,4.918371254E0,-1.521926951E-1,0.000000000E0,6.413240744E1,4.745306476E0,3.362529328E0
3.607344309E2,5.233186434E1,4.918371254E0,-1.521926951E-1,0.000000000E0,6.413240744E1,4.745370765E0,3.362438600E0
3.617344317E2,5.233186434E1,4.918371254E0,-1.521926951E-1,0.000000000E0,6.413240744E1,4.745432258E0,3.362351814E0
3.627344337E2,5.233186434E1,4.918371254E0,-1.521926951E-1,0.000000000E0,6.413240744E1,4.745490750E0,3.362269260E0
3.637344351E2,5.233186434E1,4.918371254E0,-1.521926951E-1,0.000000000E0,6.413240744E1,4.745547497E0,3.362189166E0
3.647344365E2,5.233186434E1,4.918371254E0,-1.521926951E-1,0.000000000E0,6.413240744E1,4.745591214E0,3.362127461E0
3.657344381E2,5.233186434E1,4.918371254E0,-1.521926951E-1,0.000000000E0,6.413240744E1,4.745644918E0,3.362051657E0
3.667344393E2,5.233186434E1,4.918371254E0,-1.521926951E-1,0.000000000E0,6.413240744E1,4.745710255E0,3.361959430E0
3.677344412E2,5.233186434E1,4.918371254E0,-1.521926951E-1,0.000000000E0,6.413240744E1,4.745750778E0,3.361902227E0
3.687344424E2,5.233186434E1,4.918371254E0,-1.521926951E-1,0.000000000E0,6.413240744E1,4.745778012E0,3.361863783E0
3.697344440E2,5.233186434E1,4.918371254E0,-1.521926951E-1,0.000000000E0,6.413240744E1,4.745793117E0,3.361842460E0
3.707344451E2,5.233186434E1,4.918371254E0,-1.521926951E-1,0.000000000E0,6.413240744E1,4.745806577E0,3.361823459E0
3.717344463E2,5.233186434E1,4.918371254E0,-1.521926951E-1,0.000000000E0,6.413240744E1,4.745830415E0,3.361789807E0
3.727344482E2,5.233186434E1,4.918371254E0,-1.521926951E-1,0.000000000E0,6.413240744E1,4.745860436E0,3.361747426E0
3.737344494E2,5.233186434E1,4.918371254E0,-1.521926951E-1,0.000000000E0,6.413240744E1,4.745885119E0,3.361712580E0
3.747344518E2,5.233186434E1,4.918371254E0,-1.521926951E-1,0.000000000E0,6.413240744E1,4.745905139E0,3.361684317E0
3.757344530E2,5.233186434E1,4.918371254E0,-1.521926951E-1,0.000000000E0,6.413240744E1,4.745922630E0,3.361659623E0
3.767344538E2,5.233186434E1,4.918371254E0,-1.521926951E-1,0.000000000E0,6.413240744E1,4.745933928E0,3.361643672E0
3.777344561E2,5.233186434E1,4.918371254E0,-1.521926951E-1,0.000000000E0,6.413240744E1,4.745979650E0,3.361579122E0
3.787344571E2,5.233185950E1,4.918385317E0,-2.018516250E-1,7.117866393E-3,6.413241873E1,4.746016911E0,3.361526515E0
3.797344586E2,5.233185926E1,4.918385900E0,-1.426648702E-1,3.439171886E-3,6.413241920E1,4.746044786E0,3.361487160E0
3.807344595E2,5.233185938E1,4.918386603E0,-1.340770163E-1,0.000000000E0,6.413241976E1,4.746105182E0,3.361401885E0
3.817344619E2,5.233185925E1,4.918386616E0,-6.897392683E-2,9.390939563E-3,6.413241977E1,4.746149950E0,3.361338675E0
3.827344629E2,5.233185937E1,4.918388676E0,-2.048653457E-2,1.109068115E-1,6.413242141E1,4.746171876E0,3.361307715E0
3.837344642E2,5.233186194E1,4.918398385E0,1.250003185E-2,6.094957440E-1,6.413242910E1,4.746173121E0,3.361305957E0
3.847344663E2,5.233186769E1,4.918417317E0,1.883794274E-2,1.265122378E0,6.413244409E1,4.746151725E0,3.361336168E0
3.857344674E2,5.233187614E1,4.918447174E0,2.185706142E-2,2.047349609E0,6.405825233E1,4.746107600E0,3.361398471E0
3.867344695E2,5.233188739E1,4.918486513E0,6.169416849E-2,2.778187705E0,6.387521541E1,4.741312244E0,3.368159029E0
3.877344698E2,5.233190159E1,4.918537106E0,2.931502741E-2,3.598350657E0,6.404527340E1,4.739107019E0,3.371261143E0
3.887344717E2,5.233191941E1,4.918598334E0,4.899794981E-2,4.408037084E0,6.402042685E1,4.738529905E0,3.372072267E0
3.897344730E2,5.233194001E1,4.918669068E0,1.270296983E-3,5.188166184E0,6.412171750E1,4.738500147E0,3.372114084E0
3.907344745E2,5.233196358E1,4.918750767E0,-9.034978133E-2,5.973725122E0,6.418540326E1,4.738414374E0,3.372234609E0
3.917344756E2,5.233199015E1,4.918842500E0,-1.523670908E-1,6.772809899E0,6.422833557E1,4.738222871E0,3.372503678E0
3.927344782E2,5.233201958E1,4.918944857E0,-1.970505007E-1,7.586276140E0,6.426404327E1,4.738696572E0,3.371838049E0
3.937344793E2,5.233205196E1,4.919057332E0,-2.344164783E-1,8.374790498E0,6.431496153E1,4.738891228E0,3.371564469E0
3.947344804E2,5.233208807E1,4.919180313E0,-3.438817980E-1,9.210735490E0,6.428723191E1,4.738757044E0,3.371753061E0
3.957344815E2,5.233212703E1,4.919313925E0,-4.837156739E-1,1.002498826E1,6.432065855E1,4.739126960E0,3.371233112E0
3.967344832E2,5.233216783E1,4.919456487E0,-7.133549498E-1,1.067148243E1,6.468902261E1,4.740032496E0,3.369959788E0
3.977344848E2,5.233220874E1,4.919608309E0,-9.041459542E-1,1.125454193E1,6.585723003E1,4.741394961E0,3.368042585E0
3.987344860E2,5.233225084E1,4.919770130E0,-1.087820119E0,1.194375368E1,6.662921263E1,4.741252219E0,3.368243523E0
3.997344880E2,5.233229349E1,4.919941944E0,-1.213493148E0,1.254726850E1,6.746722561E1,4.740544935E0,3.369238898E0
4.007344888E2,5.233233772E1,4.920123694E0,-1.455860711E0,1.319678173E1,6.801964201E1,4.740309434E0,3.369570225E0
4.017344903E2,5.233238348E1,4.920310339E0,-1.631265237E0,1.371408239E1,6.792428110E1,4.740164367E0,3.369774296E0
4.027344921E2,5.233243225E1,4.920501604E0,-2.131981206E0,1.421418980E1,6.705768917E1,4.740057291E0,3.369924911E0
4.037344935E2,5.233248634E1,4.920699657E0,-2.211838741E0,1.480318029E1,6.574917397E1,4.739717180E0,3.370403253E0
4.047344950E2,5.233254347E1,4.920900982E0,-2.773380610E0,1.522485552E1,6.490823875E1,4.739590091E0,3.370581968E0
4.057340251E2,5.233260482E1,4.921110494E0,-2.878456619E0,1.586108056E1,6.403909028E1,4.740795820E0,3.368885873E0
4.067340186E2,5.233267525E1,4.921323503E0,-2.845601012E0,1.647534193E1,6.257481086E1,4.740230855E0,3.369680768E0
4.077340257E2,5.233274721E1,4.921542205E0,-2.967777566E0,1.704780796E1,6.149946661E1,4.740094054E0,3.369873200E0
4.087340264E2,5.233282896E1,4.921765432E0,-2.618231850E0,1.761816149E1,5.993898209E1,4.740240088E0,3.369667780E0
4.097340281E2,5.233291441E1,4.921993803E0,-2.381067723E0,1.817473199E1,5.896335427E1,4.740202400E0,3.369720795E0
4.107340358E2,5.233300334E1,4.922226382E0,-2.093474444E0,1.867587792E1,5.862916644E1,4.740362057E0,3.369496193E0
4.117340348E2,5.233309014E1,4.922464058E0,-1.686887256E0,1.885681194E1,5.916571933E1,4.740184326E0,3.369746220E0
4.127340362E2,5.233316881E1,4.922692292E0,-1.188601423E0,1.803559150E1,6.086686739E1,4.739663727E0,3.370478421E0
4.137340430E2,5.233324650E1,4.922919998E0,-8.270702325E-2,1.774774428E1,6.211246896E1,4.739098862E0,3.371272610E0
4.147340472E2,5.233331221E1,4.923153535E0,5.774487173E-1,1.751884614E1,6.523842795E1,4.738818322E0,3.371666939E0
4.157340513E2,5.233336955E1,4.923385905E0,1.298133728E0,1.712556126E1,6.847549407E1,4.738808713E0,3.371680443E0
4.167340649E2,5.233341381E1,4.923621541E0,1.958996812E0,1.678442797E1,7.261319795E1,4.738562227E0,3.372026846E0
4.177340701E2,5.233344389E1,4.923861963E0,2.140258444E0,1.666990381E1,7.719832417E1,4.737406265E0,3.373650681E0
4.187340745E2,5.233346118E1,4.924103209E0,2.587133480E0,1.659746584E1,8.198859748E1,4.736277864E0,3.375234663E0
4.197340856E2,5.233347515E1,4.924345560E0,2.547046861E0,1.660109437E1,8.572502266E1,4.735295641E0,3.376612537E0
4.207340969E2,5.233347514E1,4.924588243E0,3.171284986E0,1.665267100E1,8.996790156E1,4.734889565E0,3.377181938E0
4.217341070E2,5.233346461E1,4.924839489E0,3.969762652E0,1.702060062E1,9.406391585E1,4.735007143E0,3.377017085E0
4.227341164E2,5.233344348E1,4.925091539E0,4.793087414E0,1.732309820E1,9.829741283E1,4.734833088E0,3.377261118E0
4.237341269E2,5.233341162E1,4.925340103E0,5.718944713E0,1.745267103E1,1.021251231E2,4.735640820E0,3.376128412E0
4.247341352E2,5.233336633E1,4.925587027E0,6.304220447E0,1.754765436E1,1.065701214E2,4.736049818E0,3.375554644E0
4.257341437E2,5.233331169E1,4.925823242E0,6.637532969E0,1.727532582E1,1.104332430E2,4.736522487E0,3.374891371E0
4.267341521E2,5.233324307E1,4.926052143E0,6.908438984E0,1.722669489E1,1.153475500E2,4.736246742E0,3.375278334E0
4.277341599E2,5.233316886E1,4.926268444E0,6.991331778E0,1.696360879E1,1.193237430E2,4.738106483E0,3.372667193E0
4.287341675E2,5.233308614E1,4.926467640E0,7.369335119E0,1.657538755E1,1.235038182E2,4.738653976E0,3.371897912E0
4.297341750E2,5.233299535E1,4.926658605E0,7.492021542E0,1.634429172E1,1.275419161E2,4.738926047E0,3.371515528E0
4.307341813E2,5.233289778E1,4.926833684E0,7.516055817E0,1.606859317E1,1.317004996E2,4.739522282E0,3.370677316E0
4.317341877E2,5.233279571E1,4.926995155E0,7.547976839E0,1.574790242E1,1.357187799E2,4.739484806E0,3.370730011E0
4.327341940E2,5.233269089E1,4.927144225E0,7.073070991E0,1.544847229E1,1.387397743E2,4.739649928E0,3.370497826E0
4.337342010E2,5.233257928E1,4.927284756E0,6.366579088E0,1.536700089E1,1.418011629E2,4.739886810E0,3.370164694E0
4.347342058E2,5.233247072E1,4.927412044E0,5.946419765E0,1.503054012E1,1.440043594E2,4.740415385E0,3.369421169E0
4.357342120E2,5.233236470E1,4.927538031E0,5.541722096E0,1.466691471E1,1.444779146E2,4.741003309E0,3.368593869E0
4.367342169E2,5.233225837E1,4.927659503E0,5.017516151E0,1.438377980E1,1.449055023E2,4.741104607E0,3.368451296E0
4.377342229E2,5.233215315E1,4.927779191E0,4.518194351E0,1.415771334E1,1.449578688E2,4.741242822E0,3.368256750E0
4.387342272E2,5.233204976E1,4.927896438E0,3.919504706E0,1.391172138E1,1.448127896E2,4.741247169E0,3.368250631E0
4.397342328E2,5.233194722E1,4.928009203E0,3.370798515E0,1.372709801E1,1.455780880E2,4.741234752E0,3.368268110E0
4.407342366E2,5.233184387E1,4.928119518E0,2.933257055E0,1.364300672E1,1.466594695E2,4.741251093E0,3.368245108E0
4.417342411E2,5.233173951E1,4.928224486E0,2.436763564E0,1.356813410E1,1.477941903E2,4.741329716E0,3.368134433E0
4.427342455E2,5.233163531E1,4.928327086E0,1.853967443E0,1.349162567E1,1.487481639E2,4.741377944E0,3.368066540E0
4.437342507E2,5.233153008E1,4.928424449E0,1.372481300E0,1.335901230E1,1.500181232E2,4.741472618E0,3.367933260E0
4.447342535E2,5.233142442E1,4.928518366E0,1.003628922E0,1.330053954E1,1.510730388E2,4.741393615E0,3.368044480E0
4.457342575E2,5.233132137E1,4.928609435E0,6.269341065E-1,1.305321578E1,1.515736581E2,4.741578699E0,3.367783912E0
4.467342614E2,5.233122017E1,4.928696633E0,5.132589741E-1,1.275604674E1,1.519841678E2,4.741532502E0,3.367848952E0
4.477342662E2,5.233111996E1,4.928781646E0,3.625980429E-1,1.246401174E1,1.523508578E2,4.741536878E0,3.367842792E0
4.487342694E2,5.233102330E1,4.928863120E0,4.860406043E-1,1.207657919E1,1.525080035E2,4.741427901E0,3.367996214E0
4.497342733E2,5.233093063E1,4.928943771E0,4.871695563E-1,1.167521910E1,1.521204802E2,4.741441437E0,3.367977157E0
4.507342758E2,5.233083967E1,4.929022606E0,6.086409325E-1,1.138625631E1,1.515355138E2,4.741208471E0,3.368305103E0
4.517342798E2,5.233075310E1,4.929101095E0,5.924104024E-1,1.102935283E1,1.511246582E2,4.740935064E0,3.368689916E0
4.527342831E2,5.233066971E1,4.929174784E0,6.378342779E-1,1.063405605E1,1.511824942E2,4.740806586E0,3.368870723E0
4.537342869E2,5.233059141E1,4.929246112E0,7.066545719E-1,1.017794033E1,1.510117978E2,4.740553939E0,3.369226230E0
4.547342899E2,5.233051532E1,4.929315579E0,7.415980110E-1,9.769314269E0,1.509408509E2,4.740650084E0,3.369090947E0
4.557342925E2,5.233044207E1,4.929382953E0,7.290415913E-1,9.350768266E0,1.508569862E2,4.740676667E0,3.369053542E0
4.567342957E2,5.233037206E1,4.929446140E0,8.589880308E-1,8.923651858E0,1.508205624E2,1.424331157E1,1.007714785E1
4.577342981E2,5.233030515E1,4.929507458E0,1.054409231E0,8.569089347E0,1.507243497E2,1.424384934E1,1.007638770E1
4.587343016E2,5.233024159E1,4.929565448E0,1.161754284E0,8.168414635E0,1.507297570E2,1.424385033E1,1.007638631E1
4.597343044E2,5.233017949E1,4.929622161E0,1.222012308E0,7.881936899E0,1.507019435E2,1.424402557E1,1.007613859E1
4.607343074E2,5.233012046E1,4.929676525E0,1.275894706E0,7.561587385E0,1.505796272E2,1.424411700E1,1.007600935E1
4.617343102E2,5.233006360E1,4.929729359E0,1.346765091E0,7.287289257E0,1.504955231E2,4.743260461E0,3.365414868E0
4.627343135E2,5.233000861E1,4.929778410E0,1.404668842E0,6.978663299E0,1.506580798E2,4.741853349E0,3.367397192E0
4.637343154E2,5.232995680E1,4.929825724E0,1.451236985E0,6.586920044E0,1.506143954E2,4.742717609E0,3.366179840E0
4.647343185E2,5.232990928E1,4.929871608E0,1.468284682E0,6.168236501E0,1.502320362E2,4.743386649E0,3.365237010E0
4.657343212E2,5.232986510E1,4.929916688E0,1.508643518E0,5.830941834E0,1.495712330E2,4.743994722E0,3.364379752E0
4.667343240E2,5.232982425E1,4.929954865E0,1.410189410E0,5.361240601E0,1.495016148E2,4.744716591E0,3.363361637E0
4.677343268E2,5.232978939E1,4.929989427E0,1.334111580E0,4.810868439E0,1.491362551E2,4.745874891E0,3.361727019E0
4.687343287E2,5.232975793E1,4.930013117E0,1.349363443E0,4.227810289E0,1.499157162E2,4.742014683E0,3.367169996E0
4.697343322E2,5.232973141E1,4.930034962E0,1.336187933E0,3.572202285E0,1.500969157E2,4.742037505E0,3.367137854E0
4.707343340E2,5.232970831E1,4.930050146E0,1.192847961E0,2.858268758E0,1.509178447E2,4.740149749E0,3.369794859E0
4.717343367E2,5.232969194E1,4.930060753E0,1.173808938E0,2.105426313E0,1.513701389E2,4.739669032E0,3.370470961E0
4.727343403E2,5.232968147E1,4.930068311E0,1.076484104E0,1.416924634E0,1.513155781E2,4.739701541E0,3.370425245E0
4.737343422E2,5.232967807E1,4.930076056E0,9.617867926E-1,6.982879287E-1,1.512905401E2,4.745419971E0,3.362369155E0
4.747343452E2,5.232967628E1,4.930076978E0,9.022145523E-1,1.886570988E-1,1.512905408E2,4.745761432E0,3.361887188E0
4.757343465E2,5.232967632E1,4.930076227E0,1.106087110E0,1.033042642E-1,1.512905403E2,4.745817145E0,3.361808540E0
4.767343491E2,5.232967523E1,4.930075588E0,1.105221828E0,1.069519664E-1,1.512905399E2,4.743836558E0,3.364602762E0
4.777343520E2,5.232967430E1,4.930072952E0,1.150892393E0,9.042990519E-2,1.512905380E2,4.743818658E0,3.364627999E0
4.787343538E2,5.232967485E1,4.930070242E0,1.337407302E0,5.390246929E-2,1.512905359E2,4.744204962E0,3.364083280E0
4.797343570E2,5.232967541E1,4.930068709E0,1.436478585E0,0.000000000E0,1.512905348E2,4.744097979E0,3.364234147E0
4.807343588E2,5.232967496E1,4.930067493E0,1.458773362E0,3.994962954E-2,1.512905339E2,4.744080150E0,3.364259289E0
4.817343615E2,5.232967518E1,4.930067191E0,1.447799893E0,0.000000000E0,1.512905337E2,4.744061260E0,3.364285926E0
4.827343636E2,5.232967518E1,4.930067191E0,1.447799893E0,0.000000000E0,1.512905337E2,4.743931880E0,3.364468360E0
4.837343662E2,5.232967518E1,4.930067191E0,1.447799893E0,0.000000000E0,1.512905337E2,4.743903704E0,3.364508089E0
4.847343684E2,5.232967518E1,4.930067191E0,1.447799893E0,0.000000000E0,1.512905337E2,4.743878306E0,3.364543900E0
4.857343711E2,5.232967518E1,4.930067191E0,1.447799893E0,0.000000000E0,1.512905337E2,4.744992818E0,3.362971928E0
4.867343730E2,5.232967518E1,4.930067191E0,1.447799893E0,0.000000000E0,1.512905337E2,4.745104313E0,3.362814608E0
4.877343752E2,5.232967518E1,4.930067191E0,1.447799893E0,0.000000000E0,1.512905337E2,4.745320521E0,3.362509507E0
4.887343781E2,5.232967518E1,4.930067191E0,1.447799893E0,0.000000000E0,1.512905337E2,4.745427451E0,3.362358597E0
4.897343796E2,5.232967518E1,4.930067191E0,1.447799893E0,0.000000000E0,1.512905337E2,4.745581603E0,3.362141027E0
4.907343819E2,5.232967518E1,4.930067191E0,1.447799893E0,0.000000000E0,1.512905337E2,4.745691022E0,3.361986579E0
4.917343849E2,5.232967518E1,4.930067191E0,1.447799893E0,0.000000000E0,1.512905337E2,4.745801577E0,3.361830516E0
4.927343864E2,5.232967518E1,4.930067191E0,1.447799893E0,0.000000000E0,1.512905337E2,4.745899119E0,3.361692815E0
4.937343895E2,5.232967518E1,4.930067191E0,1.447799893E0,0.000000000E0,1.512905337E2,4.746021032E0,3.361520697E0
4.947343920E2,5.232967518E1,4.930067191E0,1.447799893E0,0.000000000E0,1.512905337E2,4.746107612E0,3.361398455E0
4.957343942E2,5.232967518E1,4.930067191E0,1.447799893E0,0.000000000E0,1.512905337E2,4.746180928E0,3.361294933E0
4.967343967E2,5.232967518E1,4.930067191E0,1.447799893E0,0.000000000E0,1.512905337E2,4.746249488E0,3.361198125E0
4.977343980E2,5.232967518E1,4.930067191E0,1.447799893E0,0.000000000E0,1.512905337E2,4.746304320E0,3.361120696E0
4.987344010E2,5.232967518E1,4.930067191E0,1.447799893E0,0.000000000E0,1.512905337E2,4.746322602E0,3.361094880E0
4.997344031E2,5.232967358E1,4.930032476E0,1.303257241E0,0.000000000E0,1.512905081E2,4.746402351E0,3.360982261E0
5.007344050E2,5.232967358E1,4.930032476E0,1.303257241E0,0.000000000E0,1.512905081E2,4.746433547E0,3.360938205E0
5.017344077E2,5.232967358E1,4.930032476E0,1.303257241E0,0.000000000E0,1.512905081E2,4.746495809E0,3.360850275E0
5.027344096E2,5.232967358E1,4.930032476E0,1.303257241E0,0.000000000E0,1.512905081E2,4.746416665E0,3.360962045E0
5.037344117E2,5.232967358E1,4.930032476E0,1.303257241E0,0.000000000E0,1.512905081E2,4.746283773E0,3.361149711E0
5.047344146E2,5.232967358E1,4.930032476E0,1.303257241E0,0.000000000E0,1.512905081E2,4.746114916E0,3.361388141E0
5.057344172E2,5.232967358E1,4.930032476E0,1.303257241E0,0.000000000E0,1.512905081E2,4.745855180E0,3.361754846E0
5.067344193E2,5.232967358E1,4.930032476E0,1.303257241E0,0.000000000E0,1.512905081E2,4.746198407E0,3.361270253E0
5.077344216E2,5.232967358E1,4.930032476E0,1.303257241E0,0.000000000E0,1.512905081E2,4.746415863E0,3.360963179E0
5.087344235E2,5.232967358E1,4.930032476E0,1.303257241E0,0.000000000E0,1.512905081E2,4.746528261E0,3.360804442E0
5.097344247E2,5.232967358E1,4.930032476E0,1.303257241E0,0.000000000E0,1.512905081E2,4.746629870E0,3.360660934E0
5.107344276E2,5.232967358E1,4.930032476E0,1.303257241E0,0.000000000E0,1.512905081E2,4.746699724E0,3.360562268E0
5.117344296E2,5.232967358E1,4.930032476E0,1.303257241E0,0.000000000E0,1.512905081E2,4.746742216E0,3.360502250E0
5.127344325E2,5.232967358E1,4.930032476E0,1.303257241E0,0.000000000E0,1.512905081E2,4.746769235E0,3.360464084E0
5.137344347E2,5.232967358E1,4.930032476E0,1.303257241E0,0.000000000E0,1.512905081E2,4.746819178E0,3.360393538E0
5.147344362E2,5.232967358E1,4.930032476E0,1.303257241E0,0.000000000E0,1.512905081E2,4.746872004E0,3.360318915E0
5.157344388E2,5.232967358E1,4.930032476E0,1.303257241E0,0.000000000E0,1.512905081E2,4.746910254E0,3.360264881E0
5.167344406E2,5.232967358E1,4.930032476E0,1.303257241E0,0.000000000E0,1.512905081E2,4.746948861E0,3.360210342E0
5.177344429E2,5.232967358E1,4.930032476E0,1.303257241E0,0.000000000E0,1.512905081E2,4.747000121E0,3.360137926E0
5.187344451E2,5.232967358E1,4.930032476E0,1.303257241E0,0.000000000E0,1.512905081E2,4.747041411E0,3.360079594E0
5.197344480E2,5.232967358E1,4.930032476E0,1.303257241E0,0.000000000E0,1.512905081E2,4.747085788E0,3.360016899E0
5.207344495E2,5.232967358E1,4.930032476E0,1.303257241E0,0.000000000E0,1.512905081E2,4.747126594E0,3.359959245E0
5.217344521E2,5.232967358E1,4.930032476E0,1.303257241E0,0.000000000E0,1.512905081E2,4.747152007E0,3.359923341E0
5.227344538E2,5.232967358E1,4.930032476E0,1.303257241E0,0.000000000E0,1.512905081E2,4.747186676E0,3.359874357E0
5.237344563E2,5.232967358E1,4.930032476E0,1.303257241E0,0.000000000E0,1.512905081E2,4.747264314E0,3.359764660E0
5.247344589E2,5.232967358E1,4.930032476E0,1.303257241E0,0.000000000E0,1.512905081E2,4.747273334E0,3.359751914E0
5.257344606E2,5.232967358E1,4.930032476E0,1.303257241E0,0.000000000E0,1.512905081E2,4.747275913E0,3.359748270E0
5.267344635E2,5.232967358E1,4.930032476E0,1.303257241E0,0.000000000E0,1.512905081E2,4.747306624E0,3.359704876E0
5.277344651E2,5.232967358E1,4.930032476E0,1.303257241E0,0.000000000E0,1.512905081E2,4.747304920E0,3.359707283E0
5.287344671E2,5.232967358E1,4.930032476E0,1.303257241E0,0.000000000E0,1.512905081E2,4.747307898E0,3.359703075E0
5.297344697E2,5.232967358E1,4.930032476E0,1.303257241E0,0.000000000E0,1.512905081E2,4.747356555E0,3.359634321E0
5.307344716E2,5.232967358E1,4.930032476E0,1.303257241E0,0.000000000E0,1.512905081E2,4.747413467E0,3.359553900E0
5.317338516E2,5.232967399E1,4.930045701E0,7.780133039E-1,5.939655020E-2,1.512905178E2,4.747457416E0,3.359491794E0
5.327338440E2,5.232967167E1,4.930048696E0,7.807172788E-1,3.668397538E-1,1.512905202E2,4.747619988E0,3.359262045E0
5.337338463E2,5.232966248E1,4.930059074E0,7.840861194E-1,1.103819360E0,1.512905283E2,4.747789526E0,3.359022424E0
5.347338494E2,5.232966694E1,4.930055085E0,8.399157561E-1,0.000000000E0,1.512905251E2,4.747952192E0,3.358792494E0
5.357338521E2,5.232962433E1,4.930098746E0,8.890930237E-1,2.750402323E0,1.497450053E2,4.747032901E0,3.360091616E0
5.367338653E2,5.232959455E1,4.930124803E0,8.438118007E-1,3.692813538E0,1.505622247E2,4.745005845E0,3.362953548E0
5.377338716E2,5.232955648E1,4.930162126E0,7.829493517E-1,4.733993325E0,1.501199435E2,4.745157119E0,3.362740095E0
5.387338759E2,5.232951124E1,4.930205111E0,7.405456966E-1,5.725293390E0,1.500223856E2,4.745717156E0,3.361949689E0
5.397338896E2,5.232945714E1,4.930253821E0,6.639511744E-1,6.756471599E0,1.501447902E2,4.744409863E0,3.363794299E0
5.407338970E2,5.232939529E1,4.930311498E0,3.031660337E-1,7.828806220E0,1.500384621E2,4.742144933E0,3.366986556E0
5.417339051E2,5.232932339E1,4.930374419E0,1.576637542E-1,8.908007490E0,1.502794068E2,4.741172216E0,3.368356135E0
5.427339244E2,5.232924540E1,4.930444108E0,-1.251159851E-1,9.884242523E0,1.503960238E2,4.740755786E0,3.368942210E0
5.437339308E2,5.232916199E1,4.930523459E0,-3.927659551E-1,1.073487380E1,1.503310346E2,4.738449032E0,3.372185909E0
5.447339351E2,5.232906737E1,4.930610163E0,-5.063912589E-1,1.172887575E1,1.501537005E2,4.737283274E0,3.373823383E0
5.457339509E2,5.232896780E1,4.930702877E0,-5.882286616E-1,1.258382920E1,1.504397861E2,4.737397565E0,3.373662897E0
5.467339689E2,5.232886127E1,4.930800998E0,-3.465797631E-1,1.340819718E1,1.504308979E2,4.739798118E0,3.370289429E0
5.477339854E2,5.232874962E1,4.930904527E0,6.092882063E-2,1.416687805E1,1.507058510E2,4.741639697E0,3.367698029E0
5.487340019E2,5.232863144E1,4.931013755E0,4.065061482E-1,1.489302859E1,1.507297836E2,4.742373673E0,3.366664370E0
5.497340174E2,5.232850870E1,4.931129455E0,3.781301146E-1,1.559595149E1,1.506264654E2,4.742590623E0,3.366358747E0
5.507340314E2,5.232838067E1,4.931247215E0,5.132950712E-1,1.624572030E1,1.507503070E2,4.742544467E0,3.366423771E0
5.517340444E2,5.232824712E1,4.931368079E0,8.433819208E-1,1.686351636E1,1.508078820E2,4.742520390E0,3.366457690E0
5.527340577E2,5.232810954E1,4.931493974E0,1.051472385E0,1.739084644E1,1.509723652E2,4.742559013E0,3.366403280E0
5.537340705E2,5.232796891E1,4.931627774E0,1.330415983E0,1.792063804E1,1.503983080E2,4.742591236E0,3.366357883E0
5.547340823E2,5.232782550E1,4.931767920E0,1.570821156E0,1.841851597E1,1.498551402E2,4.742731127E0,3.366160794E0
5.557340940E2,5.232767863E1,4.931907295E0,1.921541936E0,1.872655573E1,1.498735596E2,4.742875233E0,3.365957747E0
5.567341049E2,5.232753294E1,4.932045712E0,2.112445552E0,1.863362993E1,1.498103847E2,4.743043025E0,3.365721304E0
5.577341148E2,5.232738623E1,4.932188047E0,2.346107963E0,1.874087906E1,1.494059628E2,4.743119948E0,3.365612900E0
5.587341247E2,5.232724136E1,4.932328031E0,2.512583244E0,1.868100387E1,1.491952339E2,4.743056278E0,3.365702628E0
5.597341341E2,5.232709679E1,4.932475148E0,2.418419601E0,1.876806600E1,1.484532999E2,4.743175183E0,3.365535056E0
5.607341427E2,5.232695334E1,4.932613987E0,2.583297904E0,1.863631654E1,1.486887289E2,4.743130319E0,3.365598284E0
5.617341522E2,5.232681124E1,4.932754579E0,2.798524998E0,1.848143944E1,1.486730126E2,4.743613523E0,3.364917203E0
5.627341601E2,5.232667026E1,4.932896115E0,3.071869179E0,1.832924332E1,1.484666290E2,4.744007328E0,3.364361975E0
5.637341681E2,5.232652985E1,4.933037745E0,3.296531521E0,1.824685200E1,1.483525212E2,4.744259180E0,3.364006817E0
5.647341753E2,5.232639037E1,4.933180353E0,3.447932682E0,1.819459929E1,1.481889143E2,4.744459155E0,3.363724775E0
5.657341827E2,5.232625267E1,4.933322555E0,3.652833239E0,1.810835841E1,1.478716115E2,4.744602909E0,3.363522003E0
5.667341905E2,5.232611495E1,4.933463757E0,3.843844040E0,1.801615761E1,1.476675356E2,4.744396348E0,3.363813360E0
5.677341969E2,5.232597824E1,4.933606022E0,4.091357801E0,1.794877482E1,1.474174104E2,4.744262955E0,3.364001493E0
5.687342033E2,5.232584232E1,4.933748712E0,4.151310413E0,1.787463263E1,1.472414814E2,4.744141630E0,3.364172592E0
5.697342105E2,5.232570829E1,4.933891784E0,4.199779278E0,1.780937936E1,1.469460398E2,4.744018659E0,3.364345998E0
5.707342165E2,5.232557470E1,4.934034058E0,3.979044666E0,1.772079371E1,1.467994494E2,4.743808760E0,3.364641954E0
5.717342229E2,5.232544214E1,4.934175681E0,4.043565364E0,1.759992129E1,1.466560726E2,4.743656453E0,3.364856681E0
5.727342290E2,5.232531192E1,4.934318300E0,4.099333454E0,1.739715209E1,1.464033665E2,4.743502043E0,3.365074353E0
5.737342339E2,5.232518487E1,4.934459556E0,4.125622304E0,1.706955068E1,1.459003879E2,4.743403680E0,3.365213003E0
5.747342404E2,5.232506231E1,4.934602514E0,4.365760933E0,1.673280693E1,1.447146934E2,4.743299275E0,3.365360161E0
5.757342466E2,5.232494446E1,4.934748339E0,4.501297542E0,1.640743307E1,1.429864860E2,4.743128265E0,3.365601179E0
5.767342509E2,5.232483190E1,4.934897395E0,4.703567418E0,1.610072897E1,1.410865247E2,4.743093105E0,3.365650729E0
5.777342559E2,5.232472495E1,4.935046849E0,4.789788921E0,1.566460364E1,1.394814476E2,4.743083408E0,3.365664395E0
5.787342612E2,5.232462386E1,4.935196091E0,4.939161807E0,1.519581016E1,1.383016793E2,4.742895622E0,3.365929018E0
5.797342654E2,5.232452561E1,4.935340556E0,5.076548708E0,1.469951236E1,1.381814318E2,4.742725593E0,3.366168591E0
5.807342700E2,5.232443018E1,4.935475952E0,5.221889545E0,1.408115735E1,1.389816578E2,4.742769031E0,3.366107388E0
5.817342745E2,5.232433891E1,4.935600273E0,5.380242232E0,1.333916935E1,1.401700136E2,4.742632124E0,3.366300279E0
5.827342793E2,5.232424839E1,4.935715892E0,5.574760276E0,1.273601490E1,1.417027155E2,4.742537685E0,3.366433327E0
5.837342843E2,5.232416141E1,4.935823007E0,5.636056108E0,1.214005588E1,1.431926220E2,4.742395483E0,3.366633648E0
5.847342888E2,5.232407639E1,4.935922068E0,5.767774423E0,1.155904402E1,1.447587526E2,4.742450387E0,3.366556306E0
5.857342930E2,5.232399536E1,4.936015136E0,5.953133198E0,1.105066935E1,1.456522002E2,4.742298945E0,3.366769631E0
5.867342970E2,5.232391874E1,4.936103770E0,6.074632922E0,1.050100472E1,1.456323487E2,4.742060437E0,3.367105559E0
5.877343009E2,5.232384514E1,4.936188131E0,6.173680107E0,9.997360664E0,1.455145416E2,4.742294736E0,3.366775560E0
5.887343057E2,5.232377725E1,4.936263168E0,6.234277084E0,9.314403019E0,1.455767691E2,4.743271561E0,3.365399224E0
5.897343098E2,5.232371010E1,4.936337902E0,5.929005057E0,8.837831059E0,1.454692136E2,4.744303636E0,3.363944120E0
5.907343131E2,5.232364665E1,4.936406841E0,5.719011149E0,8.378491155E0,1.455353715E2,4.745494199E0,3.362264391E0
5.917343177E2,5.232359200E1,4.936470353E0,5.526759236E0,7.780938240E0,1.452269568E2,4.745910285E0,3.361677052E0
5.927343217E2,5.232353535E1,4.936533035E0,5.404738289E0,7.339085219E0,1.453047464E2,4.745822162E0,3.361801458E0
5.937343256E2,5.232348417E1,4.936591264E0,5.288705850E0,6.820114729E0,1.452812772E2,4.744410754E0,3.363793043E0
5.947343290E2,5.232344015E1,4.936641923E0,5.233237447E0,6.312199045E0,1.452163566E2,4.743200944E0,3.365498750E0
5.957343329E2,5.232339734E1,4.936686803E0,5.062715534E0,5.872688622E0,1.455520604E2,4.742797106E0,3.366067831E0
5.967343372E2,5.232336598E1,4.936726796E0,4.848380805E0,5.193245385E0,1.450409730E2,4.741748055E0,3.367545459E0
5.977343402E2,5.232333205E1,4.936762845E0,4.657685237E0,4.678098547E0,1.451449652E2,4.741058426E0,3.368516296E0
5.987343435E2,5.232330348E1,4.936795459E0,4.127081541E0,4.123624135E0,1.450287680E2,4.740968434E0,3.368642953E0
5.997343477E2,5.232327046E1,4.936832752E0,3.659745303E0,3.786031128E0,1.448973083E2,4.738308459E0,3.372383427E0
6.007343512E2,5.232324910E1,4.936857816E0,2.945719450E0,3.075289650E0,1.447209481E2,4.736172364E0,3.375382700E0
6.017343552E2,5.232322567E1,4.936888837E0,2.546087389E0,2.552762022E0,1.434804558E2,4.735641835E0,3.376126988E0
6.027343585E2,5.232320697E1,4.936911727E0,2.297613002E0,2.023628102E0,1.427143552E2,4.733173032E0,3.379587265E0
6.037343622E2,5.232319698E1,4.936921856E0,2.307647347E0,1.307255332E0,1.425650895E2,4.731284637E0,3.382230435E0
6.047343655E2,5.232318874E1,4.936929434E0,1.953078208E0,6.350401089E-1,1.425650957E2,4.735418502E0,3.376440233E0
6.057343689E2,5.232318586E1,4.936933043E0,1.553475455E0,9.205032101E-2,1.425650985E2,4.733662668E0,3.378901417E0
6.067343727E2,5.232318104E1,4.936935698E0,1.720853922E0,6.670557413E-2,1.425651008E2,4.731031028E0,3.382585172E0
6.077343762E2,5.232317637E1,4.936937590E0,2.296975149E0,4.370370903E-2,1.425651026E2,4.732945390E0,3.379906059E0
6.087343794E2,5.232317514E1,4.936936707E0,2.307623954E0,0.000000000E0,1.425651020E2,4.733995235E0,3.378435458E0
6.097343833E2,5.232317514E1,4.936936707E0,2.307623954E0,0.000000000E0,1.425651020E2,4.734519706E0,3.377700429E0
6.107343866E2,5.232317514E1,4.936936707E0,2.307623954E0,0.000000000E0,1.425651020E2,4.735806686E0,3.375895743E0
6.117343900E2,5.232317514E1,4.936936707E0,2.307623954E0,0.000000000E0,1.425651020E2,4.736717488E0,3.374617678E0
6.127343930E2,5.232317514E1,4.936936707E0,2.307623954E0,0.000000000E0,1.425651020E2,4.737038451E0,3.374167119E0
6.137343969E2,5.232317514E1,4.936936707E0,2.307623954E0,0.000000000E0,1.425651020E2,4.738520461E0,3.372085537E0
6.147344006E2,5.232317514E1,4.936936707E0,2.307623954E0,0.000000000E0,1.425651020E2,4.738927552E0,3.371513412E0
6.157344034E2,5.232317514E1,4.936936707E0,2.307623954E0,0.000000000E0,1.425651020E2,4.739220141E0,3.371102118E0
6.167344069E2,5.232317514E1,4.936936707E0,2.307623954E0,0.000000000E0,1.425651020E2,4.739530218E0,3.370666157E0
6.177344106E2,5.232317514E1,4.936936707E0,2.307623954E0,0.000000000E0,1.425651020E2,4.739827051E0,3.370248738E0
6.187344134E2,5.232317514E1,4.936936707E0,2.307623954E0,0.000000000E0,1.425651020E2,4.740164925E0,3.369773511E0
6.197344167E2,5.232317514E1,4.936936707E0,2.307623954E0,0.000000000E0,1.425651020E2,4.740443349E0,3.369381826E0
6.207344197E2,5.232317514E1,4.936936707E0,2.307623954E0,0.000000000E0,1.425651020E2,4.740680481E0,3.369048176E0
6.217344230E2,5.232317514E1,4.936936707E0,2.307623954E0,0.000000000E0,1.425651020E2,4.740922541E0,3.368707540E0
6.227344269E2,5.232317514E1,4.936936707E0,2.307623954E0,0.000000000E0,1.425651020E2,4.741133550E0,3.368410559E0
6.237344308E2,5.232317514E1,4.936936707E0,2.307623954E0,0.000000000E0,1.425651020E2,4.741347462E0,3.368109452E0
6.247344328E2,5.232317514E1,4.936936707E0,2.307623954E0,0.000000000E0,1.425651020E2,4.741478447E0,3.367925054E0
6.257344368E2,5.232315643E1,4.936916649E0,5.072667981E0,2.575620632E-3,1.425650887E2,4.741677417E0,3.367644920E0
6.267344398E2,5.232315524E1,4.936916249E0,5.321013857E0,7.269450640E-3,1.425650885E2,4.741899851E0,3.367331709E0
6.277344428E2,5.232315422E1,4.936914765E0,5.517404115E0,1.273549613E-2,1.425650874E2,4.742118566E0,3.367023691E0
6.287344464E2,5.232315392E1,4.936913669E0,5.678895197E0,9.553543666E-3,1.425650867E2,4.742282943E0,3.366792171E0
6.297344489E2,5.232315357E1,4.936913035E0,5.833125311E0,3.487439954E-2,1.425650862E2,4.742368179E0,3.366672108E0
6.307344528E2,5.232315354E1,4.936912960E0,5.820361653E0,0.000000000E0,1.425650862E2,4.742415328E0,3.366605693E0
6.317344562E2,5.232315354E1,4.936912960E0,5.820361653E0,0.000000000E0,1.425650862E2,4.742473412E0,3.366523870E0
6.327344590E2,5.232315354E1,4.936912960E0,5.820361653E0,0.000000000E0,1.425650862E2,4.742533602E0,3.366439078E0
6.337344624E2,5.232315198E1,4.936909384E0,6.315872862E0,4.288492355E-2,1.425650837E2,4.742611074E0,3.366329936E0
6.347344658E2,5.232315250E1,4.936909139E0,6.506953173E0,1.569544485E-2,1.425650835E2,4.742619176E0,3.366318521E0
6.357344685E2,5.232315123E1,4.936908430E0,6.746172508E0,1.626122817E-2,1.425650830E2,4.742614483E0,3.366325133E0
6.367344718E2,5.232315110E1,4.936908295E0,6.893835159E0,1.674800256E-2,1.425650829E2,4.742619369E0,3.366318248E0
6.377344755E2,5.232315038E1,4.936907548E0,7.039353123E0,0.000000000E0,1.425650824E2,4.742636589E0,3.366293989E0
6.387344781E2,5.232314973E1,4.936907223E0,7.048954793E0,3.170431424E-2,1.425650823E2,4.742635003E0,3.366296223E0
6.397344818E2,5.232314562E1,4.936911821E0,7.060894698E0,5.028848182E-1,1.425650859E2,4.742579197E0,3.366374845E0
6.407344843E2,5.232313569E1,4.936927488E0,7.018604222E0,1.398102572E0,1.425650981E2,4.742346790E0,3.366702237E0
6.417344877E2,5.232311764E1,4.936946797E0,7.003259897E0,2.242336175E0,1.432820093E2,4.741907540E0,3.367320881E0
6.427344916E2,5.232309099E1,4.936975534E0,6.863121201E0,3.241539528E0,1.448084014E2,4.739671687E0,3.370467228E0
6.437344946E2,5.232306047E1,4.937009875E0,6.773750234E0,3.988622781E0,1.448319806E2,4.738992636E0,3.371421930E0
6.447344981E2,5.232302298E1,4.937050077E0,6.528219786E0,4.745240137E0,1.453636037E2,4.738544206E0,3.372052171E0
6.457345011E2,5.232297724E1,4.937096390E0,6.326394239E0,5.560906997E0,1.460697813E2,4.738426161E0,3.372218046E0
6.467345042E2,5.232292341E1,4.937151784E0,6.542768109E0,6.539796174E0,1.462855978E2,4.737869990E0,3.372999405E0
6.477345065E2,5.232286167E1,4.937216074E0,6.668498727E0,7.579286991E0,1.463763213E2,4.737418055E0,3.373634124E0
6.487345108E2,5.232278845E1,4.937295362E0,6.782093468E0,8.797509379E0,1.463824028E2,4.737795802E0,3.373103611E0
6.497345132E2,5.232271274E1,4.937376155E0,7.012471690E0,9.783001306E0,1.464591297E2,4.738910892E0,3.371536829E0
6.507345166E2,5.232262984E1,4.937465617E0,7.137941513E0,1.073312136E1,1.464970646E2,4.739639698E0,3.370512211E0
6.517345200E2,5.232253971E1,4.937558044E0,7.313812649E0,1.163437384E1,1.473899663E2,4.741326783E0,3.368138561E0
6.527345231E2,5.232244407E1,4.937656417E0,7.417348926E0,1.248085926E1,1.475062945E2,4.741573872E0,3.367790707E0
6.537345264E2,5.232234232E1,4.937759996E0,7.347464649E0,1.328644851E1,1.479336944E2,4.741476543E0,3.367927735E0
6.547345300E2,5.232223444E1,4.937867404E0,7.334442313E0,1.405481561E1,1.484935832E2,4.741499605E0,3.367895266E0
6.557345331E2,5.232212090E1,4.937981154E0,7.212912258E0,1.476257740E1,1.489272013E2,4.741901699E0,3.367329106E0
6.567345362E2,5.232200134E1,4.938097840E0,7.174727565E0,1.542552918E1,1.493431313E2,4.741996468E0,3.367195647E0
6.577336110E2,5.232187695E1,4.938217682E0,7.120250110E0,1.606161686E1,1.497643302E2,4.742200846E0,3.366907806E0
6.587335975E2,5.232174676E1,4.938340233E0,6.905120682E0,1.664075232E1,1.501824726E2,4.742313027E0,3.366749796E0
6.597336059E2,5.232161463E1,4.938462546E0,6.494478570E0,1.688313375E1,1.505658202E2,4.742329703E0,3.366726306E0
6.607336016E2,5.232147912E1,4.938588632E0,6.303850061E0,1.725978093E1,1.507292551E2,4.742352494E0,3.366694202E0
6.617335989E2,5.232134044E1,4.938716654E0,6.031283806E0,1.765784918E1,1.507336357E2,4.742325737E0,3.366731893E0
6.627336155E2,5.232120130E1,4.938845091E0,5.809601542E0,1.775180081E1,1.507518034E2,4.742394653E0,3.366634816E0
6.637336187E2,5.232106196E1,4.938973604E0,5.551368917E0,1.772947245E1,1.507932151E2,4.742491160E0,3.366498868E0
6.647336206E2,5.232092462E1,4.939099750E0,5.426500566E0,1.749724789E1,1.508106106E2,4.742592724E0,3.366355788E0
6.657336388E2,5.232078924E1,4.939223672E0,5.277494767E0,1.726264818E1,1.507844487E2,4.743226126E0,3.365463259E0
6.667336409E2,5.232065634E1,4.939345415E0,5.171441409E0,1.694678780E1,1.507712838E2,4.743613029E0,3.364917899E0
6.677336431E2,5.232052573E1,4.939464205E0,5.053175258E0,1.661546471E1,1.507906380E2,4.743781043E0,3.364681032E0
6.687336612E2,5.232039692E1,4.939581267E0,4.917407901E0,1.633559008E1,1.507831333E2,4.744012785E0,3.364354282E0
6.697336694E2,5.232027213E1,4.939695426E0,4.774474121E0,1.598238926E1,1.507486645E2,4.744235310E0,3.364040481E0
6.707336763E2,5.232014882E1,4.939807520E0,4.526013562E0,1.567741346E1,1.509012837E2,4.744344016E0,3.363887170E0
6.717337023E2,5.232002818E1,4.939918007E0,4.366320009E0,1.535525760E1,1.508955398E2,4.744465207E0,3.363716238E0
6.727337250E2,5.231991053E1,4.940025033E0,4.326282406E0,1.497712375E1,1.509300725E2,4.744649774E0,3.363455895E0
6.737337478E2,5.231979563E1,4.940128267E0,4.309765212E0,1.461213756E1,1.510156211E2,4.744912471E0,3.363085291E0
6.747337685E2,5.231968461E1,4.940230127E0,4.302246626E0,1.422462192E1,1.508443016E2,4.745104183E0,3.362814792E0
6.757337884E2,5.231957714E1,4.940328211E0,4.259855147E0,1.368459458E1,1.508562095E2,4.745148392E0,3.362752410E0
6.767338077E2,5.231947517E1,4.940421651E0,4.220769450E0,1.306500566E1,1.508185009E2,4.744882756E0,3.363127216E0
6.777338257E2,5.231937662E1,4.940510969E0,4.137456814E0,1.250433762E1,1.509165285E2,4.744749240E0,3.363315578E0
6.787338426E2,5.231928300E1,4.940597135E0,4.044965005E0,1.199232368E1,1.507474469E2,4.744696822E0,3.363389525E0
6.797338594E2,5.231919130E1,4.940680371E0,4.038920713E0,1.164614517E1,1.508185242E2,4.744635297E0,3.363476316E0
6.807338753E2,5.231910335E1,4.940761855E0,3.940377480E0,1.126843892E1,1.506711197E2,4.744505367E0,3.363659593E0
6.817338905E2,5.231901844E1,4.940837581E0,3.795125898E0,1.077484665E1,1.509920330E2,4.744019976E0,3.364344142E0
6.827339045E2,5.231893828E1,4.940910706E0,3.730283882E0,1.024350079E1,1.509231556E2,4.743642003E0,3.364877053E0
6.837339189E2,5.231886326E1,4.940980225E0,3.608441544E0,9.742275047E0,1.507984127E2,4.743372054E0,3.365257582E0
6.847339321E2,5.231879396E1,4.941052411E0,3.355278489E0,9.231327108E0,1.500231427E2,4.742715937E0,3.366182195E0
6.857339441E2,5.231872624E1,4.941117713E0,3.173615634E0,8.766878498E0,1.498990426E2,4.741659876E0,3.367669617E0
6.867339567E2,5.231866161E1,4.941175832E0,3.104370541E0,8.236998471E0,1.500887583E2,4.741010099E0,3.368584313E0
6.877339693E2,5.231860009E1,4.941229523E0,3.183322854E0,7.791508593E0,1.503356016E2,4.740404637E0,3.369436289E0
6.887339786E2,5.231854213E1,4.941280375E0,3.162239580E0,7.360893354E0,1.504890782E2,4.740381497E0,3.369468845E0
6.897339901E2,5.231848869E1,4.941327857E0,3.078349968E0,6.855738525E0,1.505524489E2,4.740194542E0,3.369731850E0
6.907340002E2,5.231843847E1,4.941373032E0,2.879499566E0,6.420315045E0,1.505855362E2,4.739592112E0,3.370579126E0
6.917340108E2,5.231839171E1,4.941414171E0,2.673307933E0,5.956705703E0,1.506607125E2,4.739032123E0,3.371366425E0
6.927340202E2,5.231834862E1,4.941452504E0,2.482781634E0,5.509270157E0,1.507026549E2,4.738679136E0,3.371862553E0
6.937340300E2,5.231831016E1,4.941488141E0,2.189953147E0,4.981189122E0,1.506417891E2,4.737932233E0,3.372911975E0
6.947340388E2,5.231827659E1,4.941517677E0,1.860178288E0,4.349422877E0,1.507015741E2,4.736964648E0,3.374270730E0
6.957340473E2,5.231824866E1,4.941542589E0,1.628041340E0,3.726255659E0,1.507307976E2,4.735976415E0,3.375657630E0
6.967340560E2,5.231822647E1,4.941562889E0,1.454481811E0,3.108289432E0,1.507206126E2,4.734388421E0,3.377884443E0
6.977340649E2,5.231820842E1,4.941577407E0,1.301181058E0,2.464130876E0,1.508592783E2,4.734299623E0,3.378008898E0
6.987340729E2,5.231819589E1,4.941584440E0,1.168293128E0,1.773029092E0,1.512790381E2,4.734274402E0,3.378044245E0
6.997340810E2,5.231819035E1,4.941587808E0,1.175786038E0,9.755214616E-1,1.515326803E2,4.737633999E0,3.373330865E0
7.007340888E2,5.231819102E1,4.941586189E0,8.677961361E-1,1.424838190E-1,1.515326790E2,4.739686174E0,3.370446855E0
7.017340956E2,5.231819197E1,4.941584703E0,7.497731475E-1,1.785688711E-2,1.515326779E2,4.739426819E0,3.370811544E0
7.027341034E2,5.231819208E1,4.941583615E0,6.212629005E-1,1.138594091E-2,1.515326770E2,4.739380105E0,3.370877223E0
7.037341101E2,5.231819190E1,4.941583023E0,5.883447947E-1,1.906741748E-2,1.515326766E2,4.739411407E0,3.370833213E0
7.047341170E2,5.231819221E1,4.941582366E0,4.060512325E-1,0.000000000E0,1.515326760E2,4.739427384E0,3.370810748E0
7.057341239E2,5.231819238E1,4.941581140E0,2.627376001E-1,1.251253796E-2,1.515326751E2,4.739436656E0,3.370797712E0
7.067341306E2,5.231819246E1,4.941581170E0,2.604059204E-1,0.000000000E0,1.515326751E2,4.739352139E0,3.370916543E0
7.077341378E2,5.231819246E1,4.941581170E0,2.604059204E-1,0.000000000E0,1.515326751E2,4.739440770E0,3.370791927E0
7.087341447E2,5.231819246E1,4.941581170E0,2.604059204E-1,0.000000000E0,1.515326751E2,4.739546344E0,3.370643483E0
7.097341506E2,5.231819246E1,4.941581170E0,2.604059204E-1,0.000000000E0,1.515326751E2,4.739657425E0,3.370487283E0
7.107341571E2,5.231819246E1,4.941581170E0,2.604059204E-1,0.000000000E0,1.515326751E2,4.739681947E0,3.370452799E0
7.117341628E2,5.231819246E1,4.941581170E0,2.604059204E-1,0.000000000E0,1.515326751E2,4.740325466E0,3.369547671E0
7.127341684E2,5.231819246E1,4.941581170E0,2.604059204E-1,0.000000000E0,1.515326751E2,4.740616437E0,3.369138292E0
7.137341746E2,5.231819246E1,4.941581170E0,2.604059204E-1,0.000000000E0,1.515326751E2,4.740730119E0,3.368978328E0
7.147341813E2,5.231819246E1,4.941581170E0,2.604059204E-1,0.000000000E0,1.515326751E2,4.740813855E0,3.368860493E0
7.157341862E2,5.231819246E1,4.941581170E0,2.604059204E-1,0.000000000E0,1.515326751E2,4.740900164E0,3.368739033E0
7.167341927E2,5.231819246E1,4.941581170E0,2.604059204E-1,0.000000000E0,1.515326751E2,4.741093574E0,3.368466825E0
7.177341979E2,5.231819334E1,4.941566273E0,-1.712329166E0,2.495595715E-1,1.515326635E2,4.741296614E0,3.368181030E0
7.187342036E2,5.231818475E1,4.941573909E0,-1.849194298E0,9.707229053E-1,1.515326695E2,4.741483817E0,3.367917493E0
7.197342094E2,5.231816983E1,4.941587385E0,-1.934618860E0,1.774889575E0,1.515326802E2,4.741694402E0,3.367621004E0
7.207342149E2,5.231814914E1,4.941607109E0,-1.884184084E0,2.514266273E0,1.497526140E2,4.740578170E0,3.369192136E0
7.217342197E2,5.231812052E1,4.941633074E0,-1.933968208E0,3.403468541E0,1.503107577E2,4.739411467E0,3.370833128E0
7.227342255E2,5.231808552E1,4.941664173E0,-1.836242849E0,4.259470195E0,1.505938097E2,4.739107095E0,3.371261037E0
7.237342312E2,5.231804485E1,4.941701738E0,-1.631223998E0,5.066973661E0,1.505519104E2,4.738950960E0,3.371480511E0
7.247342355E2,5.231799858E1,4.941744306E0,-1.478702470E0,5.844155489E0,1.505461482E2,4.739015415E0,3.371389910E0
7.257342415E2,5.231794598E1,4.941793455E0,-1.390510526E0,6.660282871E0,1.505312151E2,4.738669773E0,3.371875711E0
7.267342464E2,5.231788735E1,4.941847644E0,-1.195996490E0,7.480879444E0,1.505136915E2,4.738625263E0,3.371938263E0
7.277342514E2,5.231782127E1,4.941908630E0,-9.749561902E-1,8.351525749E0,1.504767160E2,4.738349864E0,3.372325252E0
7.287342565E2,5.231774969E1,4.941976692E0,-4.452493377E-1,9.196966134E0,1.503767035E2,4.738231773E0,3.372491171E0
7.297342616E2,5.231767179E1,4.942050448E0,-4.654462850E-1,9.998999748E0,1.503287812E2,4.737668783E0,3.373282013E0
7.307342676E2,5.231758709E1,4.942131733E0,-4.923716756E-1,1.083874505E1,1.500021528E2,4.738254192E0,3.372459672E0
7.317342724E2,5.231749579E1,4.942219056E0,-4.328889772E-1,1.164425608E1,1.500053188E2,4.739515433E0,3.370686947E0
7.327342774E2,5.231739792E1,4.942307475E0,-7.230429351E-2,1.238359537E1,1.507487341E2,4.739840291E0,3.370230118E0
7.337342827E2,5.231729186E1,4.942402351E0,4.023698671E-1,1.319806545E1,1.510701531E2,4.740325520E0,3.369547595E0
7.347342876E2,5.231717971E1,4.942501149E0,6.710310299E-1,1.395796475E1,1.512172744E2,4.740676392E0,3.369053929E0
7.357342931E2,5.231706413E1,4.942605335E0,9.124508295E-1,1.462744245E1,1.510459948E2,4.740706619E0,3.369011396E0
7.367342973E2,5.231694163E1,4.942716085E0,9.701092793E-1,1.533756713E1,1.508312941E2,4.740296209E0,3.369588830E0
7.377343020E2,5.231681367E1,4.942832142E0,1.120470145E0,1.607100957E1,1.507739764E2,4.739499796E0,3.370708934E0
7.387343085E2,5.231668157E1,4.942949751E0,9.704693425E-1,1.672886619E1,1.508911175E2,4.738841434E0,3.371634454E0
7.397343125E2,5.231654410E1,4.943071193E0,1.028132778E0,1.736271993E1,1.511319032E2,4.738546721E0,3.372048636E0
7.407343175E2,5.231640064E1,4.943196800E0,9.292537719E-1,1.803026488E1,1.513677488E2,4.739228182E0,3.371090813E0
7.417343221E2,5.231625380E1,4.943330600E0,1.118215775E0,1.861895204E1,1.513439154E2,4.739494955E0,3.370715740E0
7.427343260E2,5.231610671E1,4.943464239E0,1.153822972E0,1.869362870E1,1.514614226E2,4.740228470E0,3.369684122E0
7.437343320E2,5.231595915E1,4.943597956E0,1.282145208E0,1.871782107E1,1.513500819E2,4.740210822E0,3.369708948E0
7.447343365E2,5.231581247E1,4.943727935E0,1.776890889E0,1.866751694E1,1.516236252E2,4.740751757E0,3.368947879E0
7.457343452E2,5.231566496E1,4.943859925E0,1.940340282E0,1.867048629E1,1.516245476E2,4.740892356E0,3.368750021E0
7.467343469E2,5.231551703E1,4.943994853E0,2.193002680E0,1.870510462E1,1.514774605E2,4.740195462E0,3.369730555E0
7.477343513E2,5.231536930E1,4.944126940E0,2.382887502E0,1.870136037E1,1.513121510E2,4.740146608E0,3.369799278E0
7.487343556E2,5.231522214E1,4.944258100E0,2.350981494E0,1.865232300E1,1.513509295E2,4.740121921E0,3.369834002E0
7.497343606E2,5.231507473E1,4.944388411E0,2.513307615E0,1.858681572E1,1.513176632E2,4.740233660E0,3.369676821E0
7.507343650E2,5.231492689E1,4.944518241E0,2.727281301E0,1.859442438E1,1.514186383E2,4.740523289E0,3.369269354E0
7.517343699E2,5.231478026E1,4.944650035E0,2.845814619E0,1.856546765E1,1.512541083E2,4.740453194E0,3.369367975E0
7.527343754E2,5.231463161E1,4.944780768E0,2.813990460E0,1.862589059E1,1.512239806E2,4.740274267E0,3.369619697E0
7.537343792E2,5.231448415E1,4.944909390E0,2.821645525E0,1.859083186E1,1.514496985E2,4.740109863E0,3.369850964E0
7.547343842E2,5.231433594E1,4.945037351E0,2.650814200E0,1.855007058E1,1.516549178E2,4.739658091E0,3.370486347E0
7.557343891E2,5.231419026E1,4.945165282E0,2.519854086E0,1.834152026E1,1.517515037E2,4.739531177E0,3.370664809E0
7.567343943E2,5.231404760E1,4.945293535E0,2.206353226E0,1.810494041E1,1.516460635E2,4.739701782E0,3.370424907E0
7.577343988E2,5.231390845E1,4.945420289E0,2.291699509E0,1.782138101E1,1.513774877E2,4.739535447E0,3.370658806E0
7.587344040E2,5.231377015E1,4.945543751E0,2.180258060E0,1.749789865E1,1.512532141E2,4.739683788E0,3.370450211E0
7.597344080E2,5.231363532E1,4.945668440E0,2.223300448E0,1.716417439E1,1.506224311E2,4.740001840E0,3.370002906E0
7.607344128E2,5.231350333E1,4.945790481E0,2.244900161E0,1.680666216E1,1.506013065E2,4.740204874E0,3.369717315E0
7.617344174E2,5.231337508E1,4.945907017E0,2.126082320E0,1.630768949E1,1.506263359E2,4.740314008E0,3.369563790E0
7.627344223E2,5.231325020E1,4.946019927E0,2.118218101E0,1.579709125E1,1.506383326E2,4.740523512E0,3.369269040E0
7.637344271E2,5.231313115E1,4.946129599E0,2.105858249E0,1.522228390E1,1.506565562E2,4.741018473E0,3.368572527E0
7.647344316E2,5.231301476E1,4.946237565E0,2.197948022E0,1.478347776E1,1.505936487E2,4.741475553E0,3.367929129E0
7.657344363E2,5.231290399E1,4.946340073E0,2.322980303E0,1.421453470E1,1.505541574E2,4.742147134E0,3.366983455E0
7.667344413E2,5.231279455E1,4.946442387E0,2.419238810E0,1.400950057E1,1.502784686E2,4.743602230E0,3.364933122E0
7.677344460E2,5.231268588E1,4.946545215E0,2.469964950E0,1.394079474E1,1.500620395E2,4.746561147E0,3.360757997E0
7.687344507E2,5.231257736E1,4.946647835E0,2.534022683E0,1.388785597E1,1.499715383E2,4.752510820E0,3.352339175E0
7.697344548E2,5.231247304E1,4.946755403E0,2.605912508E0,1.362768445E1,1.492636393E2,4.761320038E0,3.339815643E0
7.707344592E2,5.231236899E1,4.946848149E0,2.576986577E0,1.311826080E1,1.497122939E2,4.773236362E0,3.322762656E0
7.717344645E2,5.231227853E1,4.946941041E0,2.459047223E0,1.228817043E1,1.492558168E2,4.786774541E0,3.303229711E0
7.727344693E2,5.231218591E1,4.947021178E0,2.245761205E0,1.155139719E1,1.497093811E2,4.780151174E0,3.312807237E0
7.737344735E2,5.231209920E1,4.947095517E0,2.260659407E0,1.084503636E1,1.503702156E2,4.773147771E0,3.322889915E0
7.747344781E2,5.231202599E1,4.947167642E0,2.395117891E0,1.007275045E1,1.503104487E2,4.775029565E0,3.320185188E0
7.757344840E2,5.231195104E1,4.947242471E0,2.496880480E0,9.564707823E0,1.501921894E2,4.775475394E0,3.319543914E0
7.767344879E2,5.231187953E1,4.947315381E0,2.466345172E0,9.107277615E0,1.500460568E2,4.777153033E0,3.317129171E0
7.777344927E2,5.231180277E1,4.947385856E0,2.413961970E0,8.794655023E0,1.503828576E2,4.783013280E0,3.308673601E0
7.787344970E2,5.231173297E1,4.947461628E0,1.972302487E0,8.421769232E0,1.499309561E2,4.761970048E0,3.338888782E0
7.797345021E2,5.231165997E1,4.947530503E0,1.739675080E0,8.149353838E0,1.501115553E2,4.751185071E0,3.354217861E0
7.807345071E2,5.231160949E1,4.947573253E0,1.321586096E0,7.365429700E0,1.505372003E2,4.736523306E0,3.374890221E0
7.817345117E2,5.231155640E1,4.947627055E0,1.336967150E0,6.828906920E0,1.502234514E2,4.727580716E0,3.387405734E0
7.827345169E2,5.231150150E1,4.947675677E0,1.272553453E0,6.473928890E0,1.505526683E2,4.721634285E0,3.395689431E0
7.837331967E2,5.231145132E1,4.947716165E0,4.101472730E-1,6.107774727E0,1.508973996E2,4.714179252E0,3.406031564E0
7.847331799E2,5.231140910E1,4.947754942E0,5.535210930E-1,5.678636177E0,1.504266208E2,4.711403901E0,3.409869545E0
7.857331924E2,5.231136820E1,4.947794258E0,-2.992139123E-1,5.318375675E0,1.499761306E2,4.710466830E0,3.411163918E0
7.867331904E2,5.231132675E1,4.947828251E0,-2.441323018E-1,4.935065883E0,1.499998793E2,4.714625354E0,3.405414042E0
7.877331874E2,5.231128619E1,4.947856169E0,2.252586931E-1,4.553984787E0,1.504341648E2,4.723826297E0,3.392639407E0
7.887332116E2,5.231125267E1,4.947878119E0,1.655035047E-1,3.982334966E0,1.507462722E2,4.727074623E0,3.388111943E0
7.897332169E2,5.231122631E1,4.947898687E0,5.308228265E-2,3.333478120E0,1.507876463E2,4.728158558E0,3.386599133E0
7.907332194E2,5.231120618E1,4.947914201E0,1.936873440E-1,2.603160079E0,1.501661536E2,4.729201520E0,3.385142540E0
7.917332498E2,5.231119183E1,4.947922595E0,1.340503674E-1,1.818400873E0,1.504357771E2,4.729772874E0,3.384344190E0
7.927332610E2,5.231118604E1,4.947924344E0,2.046581917E-1,9.948844935E-1,1.507376420E2,4.733448807E0,3.379201004E0
7.937332695E2,5.231118339E1,4.947921751E0,3.703445047E-1,3.691864371E-1,1.507376400E2,4.735870010E0,3.375806908E0
7.947333009E2,5.231118200E1,4.947914070E0,6.995005365E-1,9.783331903E-3,1.507376340E2,4.736472799E0,3.374961105E0
7.957333155E2,5.231118026E1,4.947911800E0,8.996317089E-1,2.463264487E-2,1.507376322E2,4.736928608E0,3.374321324E0
7.967333270E2,5.231117819E1,4.947909332E0,1.142990724E0,3.051371170E-2,1.507376303E2,4.737478471E0,3.373549283E0
7.977333632E2,5.231117841E1,4.947909391E0,1.145110185E0,0.000000000E0,1.507376303E2,4.737897646E0,3.372960559E0
7.987333999E2,5.231117841E1,4.947909391E0,1.145110185E0,0.000000000E0,1.507376303E2,4.738714647E0,3.371812647E0
7.997334350E2,5.231117841E1,4.947909391E0,1.145110185E0,0.000000000E0,1.507376303E2,4.739288484E0,3.371006036E0
8.007334692E2,5.231117841E1,4.947909391E0,1.145110185E0,0.000000000E0,1.507376303E2,4.739784226E0,3.370308966E0
8.017335011E2,5.231117841E1,4.947909391E0,1.145110185E0,0.000000000E0,1.507376303E2,4.740052148E0,3.369932146E0
8.027335317E2,5.231117841E1,4.947909391E0,1.145110185E0,0.000000000E0,1.507376303E2,4.740323472E0,3.369550477E0
8.037335601E2,5.231117841E1,4.947909391E0,1.145110185E0,0.000000000E0,1.507376303E2,4.740661068E0,3.369075493E0
8.047335879E2,5.231117841E1,4.947909391E0,1.145110185E0,0.000000000E0,1.507376303E2,4.740917841E0,3.368714156E0
8.057336142E2,5.231117841E1,4.947909391E0,1.145110185E0,0.000000000E0,1.507376303E2,4.741190459E0,3.368330457E0
8.067336388E2,5.231117841E1,4.947909391E0,1.145110185E0,0.000000000E0,1.507376303E2,4.741474565E0,3.367930519E0
8.077336631E2,5.231117841E1,4.947909391E0,1.145110185E0,0.000000000E0,1.507376303E2,4.741723732E0,3.367579707E0
8.087336862E2,5.231117841E1,4.947909391E0,1.145110185E0,0.000000000E0,1.507376303E2,4.741924812E0,3.367296557E0
8.097337084E2,5.231117841E1,4.947909391E0,1.145110185E0,0.000000000E0,1.507376303E2,4.742180417E0,3.366936579E0
8.107337291E2,5.231116914E1,4.947893446E0,7.280387888E-1,3.045141980E-3,1.507376179E2,4.742305781E0,3.366760002E0
8.117337484E2,5.231116916E1,4.947893437E0,7.268504901E-1,0.000000000E0,1.507376179E2,4.742542488E0,3.366426560E0
8.127337685E2,5.231116916E1,4.947893437E0,7.268504901E-1,0.000000000E0,1.507376179E2,4.742632196E0,3.366300178E0
8.137337865E2,5.231116916E1,4.947893437E0,7.268504901E-1,0.000000000E0,1.507376179E2,4.742656712E0,3.366265637E0
8.147338049E2,5.231116916E1,4.947893437E0,7.268504901E-1,0.000000000E0,1.507376179E2,4.742687988E0,3.366221573E0
8.157338208E2,5.231116916E1,4.947893437E0,7.268504901E-1,0.000000000E0,1.507376179E2,4.742808777E0,3.366051387E0
8.167338378E2,5.231116639E1,4.947885021E0,1.012699612E0,1.013825026E-2,1.507376113E2,4.742867682E0,3.365968387E0
8.177338533E2,5.231116639E1,4.947886471E0,9.101034300E-1,4.946580050E-3,1.507376124E2,4.742878932E0,3.365952535E0
8.187338685E2,5.231116551E1,4.947887666E0,9.036104754E-1,1.374960230E-1,1.507376134E2,4.742892296E0,3.365933704E0
8.197338834E2,5.231115712E1,4.947894701E0,9.014753019E-1,8.778575738E-1,1.507376189E2,4.743026575E0,3.365744485E0
8.207338969E2,5.231114297E1,4.947908347E0,7.922670953E-1,1.704852147E0,1.507376297E2,4.743133297E0,3.365594088E0
8.217339114E2,5.231112197E1,4.947923820E0,6.603109688E-1,2.450420582E0,1.502088598E2,4.742098776E0,3.367051564E0
8.227339246E2,5.231109411E1,4.947948544E0,6.405370981E-1,3.325166301E0,1.500810534E2,4.740856992E0,3.368799789E0
8.237339377E2,5.231105946E1,4.947979761E0,7.099112151E-1,4.214695163E0,1.501738697E2,4.740687114E0,3.369038843E0
8.247339497E2,5.231101780E1,4.948015366E0,5.792935090E-1,5.113256083E0,1.503778129E2,4.740875690E0,3.368773475E0
8.257339619E2,5.231096931E1,4.948057425E0,4.874922810E-1,6.012911419E0,1.503776355E2,4.740794154E0,3.368888217E0
8.267339739E2,5.231091348E1,4.948107978E0,5.222139582E-1,6.966767452E0,1.504139605E2,4.741080996E0,3.368484529E0
8.277339851E2,5.231085287E1,4.948170036E0,5.666837590E-1,7.896369115E0,1.502639552E2,4.740985973E0,3.368618268E0
8.287339963E2,5.231078409E1,4.948239302E0,5.341545241E-1,8.857131288E0,1.501074965E2,4.741380582E0,3.368062827E0
8.297340076E2,5.231070805E1,4.948314786E0,4.141116068E-1,9.756479462E0,1.500019663E2,4.741451453E0,3.367963057E0
8.307340183E2,5.231062720E1,4.948395676E0,3.241140991E-1,1.051843505E1,1.499051329E2,4.741519623E0,3.367867084E0
8.317340289E2,5.231054013E1,4.948484101E0,4.325209651E-1,1.133031859E1,1.491055657E2,4.742370181E0,3.366669288E0
8.327340386E2,5.231044762E1,4.948578738E0,5.912148757E-1,1.210839157E1,1.490448260E2,4.743024357E0,3.365747611E0
8.337340486E2,5.231034908E1,4.948678498E0,7.674156092E-1,1.286016234E1,1.491468985E2,4.743036133E0,3.365731017E0
8.347340586E2,5.231024536E1,4.948782656E0,7.987420335E-1,1.349275462E1,1.491278725E2,4.743070905E0,3.365682014E0
8.357340682E2,5.231013618E1,4.948890498E0,7.510972321E-1,1.412972464E1,1.490906739E2,4.743098717E0,3.365642820E0
8.367340772E2,5.231002257E1,4.949000329E0,6.029524906E-1,1.464400811E1,1.492617212E2,4.743117457E0,3.365616410E0
8.377340872E2,5.230990571E1,4.949114281E0,4.757647850E-1,1.509383721E1,1.494023536E2,4.743189285E0,3.365515181E0
8.387340955E2,5.230978674E1,4.949229512E0,1.480140341E-1,1.538945666E1,1.495140412E2,4.743143643E0,3.365579506E0
8.397341051E2,5.230966461E1,4.949347018E0,7.542322669E-2,1.570341620E1,1.498041116E2,4.743076303E0,3.365674408E0
8.407341135E2,5.230953949E1,4.949466808E0,-8.339990862E-3,1.603096212E1,1.499880882E2,4.743091473E0,3.365653029E0
8.417341220E2,5.230941220E1,4.949587125E0,6.859547179E-2,1.635312748E1,1.501302499E2,4.743431841E0,3.365173310E0
8.427341310E2,5.230928132E1,4.949711391E0,1.093452005E-1,1.676544022E1,1.501669740E2,4.743723115E0,3.364762702E0
8.437341393E2,5.230914546E1,4.949837270E0,9.995570686E-2,1.725279819E1,1.504896240E2,4.743982552E0,3.364396912E0
8.447341480E2,5.230900707E1,4.949965801E0,3.178209718E-2,1.768839296E1,1.506647245E2,4.744177512E0,3.364121991E0
8.457341564E2,5.230886594E1,4.950094854E0,-8.838162757E-3,1.789165777E1,1.508833110E2,4.744356528E0,3.363869522E0
8.467341650E2,5.230872664E1,4.950223068E0,6.159510091E-2,1.781579850E1,1.508119477E2,1.424459058E1,1.007533982E1
8.477341725E2,5.230858948E1,4.950349982E0,7.433872856E-2,1.757578751E1,1.506630770E2,1.424468742E1,1.007520290E1
8.487341805E2,5.230845554E1,4.950470426E0,2.719091773E-1,1.707751495E1,1.509292466E2,1.424474510E1,1.007512136E1
8.497341884E2,5.230832530E1,4.950590373E0,3.296753792E-1,1.662528725E1,1.507202962E2,1.424479189E1,1.007505520E1
8.507341974E2,5.230819872E1,4.950705522E0,3.775892099E-1,1.609851883E1,1.507605847E2,1.424483003E1,1.007500128E1
8.517342043E2,5.230807721E1,4.950816664E0,4.891982246E-1,1.550846882E1,1.506641301E2,4.745286329E0,3.362557759E0
8.527342113E2,5.230796043E1,4.950923817E0,5.313983168E-1,1.486421103E1,1.506709873E2,4.745331824E0,3.362493555E0
8.537342192E2,5.230784871E1,4.951025613E0,6.101917429E-1,1.420985570E1,1.508254071E2,4.745482576E0,3.362280796E0
8.547342266E2,5.230774224E1,4.951123762E0,7.084827637E-1,1.356070792E1,1.508085156E2,4.745568916E0,3.362158933E0
8.557342348E2,5.230764071E1,4.951216385E0,7.862594454E-1,1.291293168E1,1.508328062E2,4.745624762E0,3.362080108E0
8.567342420E2,5.230754572E1,4.951304236E0,8.056093771E-1,1.222078696E1,1.508204196E2,4.745639732E0,3.362058977E0
8.577342492E2,5.230745567E1,4.951387411E0,8.419706216E-1,1.154783900E1,1.506564190E2,4.745760240E0,3.361888871E0
8.587342569E2,5.230737032E1,4.951464595E0,9.063537382E-1,1.088641727E1,1.508455251E2,4.745782665E0,3.361857215E0
8.597342644E2,5.230728829E1,4.951537825E0,8.546320526E-1,1.032294972E1,1.509740788E2,4.745501544E0,3.362254024E0
8.607342721E2,5.230721144E1,4.951607413E0,9.205408311E-1,9.756560014E0,1.509166908E2,4.744949195E0,3.363033477E0
8.617342784E2,5.230713711E1,4.951674833E0,8.942696108E-1,9.420308312E0,1.508207803E2,4.744581219E0,3.363552599E0
8.627342860E2,5.230706725E1,4.951739964E0,7.425104612E-1,9.010987294E0,1.506383301E2,4.744002493E0,3.364368794E0
8.637342942E2,5.230700109E1,4.951803360E0,5.935650570E-1,8.577620702E0,1.503825626E2,4.743821834E0,3.364623521E0
8.647343006E2,5.230693897E1,4.951862919E0,5.762914643E-1,8.096877596E0,1.500873832E2,4.743404691E0,3.365211580E0
8.657343079E2,5.230687881E1,4.951916464E0,5.573551953E-1,7.692398905E0,1.502231044E2,4.743196446E0,3.365505089E0
8.667343150E2,5.230682302E1,4.951969554E0,5.087302672E-1,7.206228086E0,1.501035256E2,4.743021894E0,3.365751082E0
8.677343225E2,5.230677015E1,4.952018170E0,4.491148228E-1,6.725539255E0,1.501144894E2,4.742650782E0,3.366273992E0
8.687343297E2,5.230672222E1,4.952063744E0,4.669307377E-1,6.209504551E0,1.499997305E2,4.742145489E0,3.366985773E0
8.697343371E2,5.230667655E1,4.952098593E0,4.194120113E-1,5.768504801E0,1.504897964E2,4.741526484E0,3.367857425E0
8.707343434E2,5.230663472E1,4.952131914E0,1.886421973E-1,5.249807769E0,1.507916121E2,4.741129799E0,3.368415839E0
8.717343506E2,5.230659849E1,4.952161552E0,8.715967368E-2,4.645047606E0,1.509486614E2,4.740568988E0,3.369205055E0
8.727343581E2,5.230656734E1,4.952188936E0,-1.712747384E-1,4.036783933E0,1.506816347E2,4.740253292E0,3.369649204E0
8.737343646E2,5.230654241E1,4.952213171E0,-4.407193959E-1,3.357791776E0,1.495364528E2,4.740145453E0,3.369800902E0
8.747343717E2,5.230652389E1,4.952229409E0,-7.168291137E-1,2.585536943E0,1.488994364E2,4.739560164E0,3.370624049E0
8.757343786E2,5.230651061E1,4.952241975E0,-8.624565378E-1,1.848089366E0,1.486574301E2,4.738993248E0,3.371421070E0
8.767343856E2,5.230650457E1,4.952245807E0,-1.026362452E0,9.754404458E-1,1.490165073E2,4.741928743E0,3.367291023E0
8.777343928E2,5.230650338E1,4.952241951E0,-1.288212004E0,2.465693249E-1,1.490165043E2,4.743378089E0,3.365249075E0
8.787344000E2,5.230650313E1,4.952238604E0,-1.462552840E0,4.720990546E-2,1.490165018E2,4.743006141E0,3.365773281E0
8.797344061E2,5.230650261E1,4.952236566E0,-1.638939046E0,3.422233601E-2,1.490165002E2,4.742917495E0,3.365898196E0
8.807344134E2,5.230650206E1,4.952234817E0,-1.902306371E0,2.631460096E-2,1.490164989E2,4.743040725E0,3.365724545E0
8.817344204E2,5.230650178E1,4.952233366E0,-2.141450759E0,0.000000000E0,1.490164977E2,4.743135004E0,3.365591682E0
8.827344271E2,5.230650178E1,4.952233366E0,-2.141450759E0,0.000000000E0,1.490164977E2,4.743041559E0,3.365723370E0
8.837344347E2,5.230650178E1,4.952233366E0,-2.141450759E0,0.000000000E0,1.490164977E2,4.742903890E0,3.365917367E0
8.847344413E2,5.230650178E1,4.952233366E0,-2.141450759E0,0.000000000E0,1.490164977E2,4.742984317E0,3.365804035E0
8.857344478E2,5.230650178E1,4.952233366E0,-2.141450759E0,0.000000000E0,1.490164977E2,4.742944409E0,3.365860271E0
8.867344556E2,5.230650178E1,4.952233366E0,-2.141450759E0,0.000000000E0,1.490164977E2,4.743125127E0,3.365605601E0
8.877344621E2,5.230650178E1,4.952233366E0,-2.141450759E0,0.000000000E0,1.490164977E2,4.743181307E0,3.365526425E0
8.887344686E2,5.230650296E1,4.952236564E0,-3.397810457E0,6.496612624E-3,1.490165002E2,4.743189980E0,3.365514203E0
8.897344762E2,5.230650312E1,4.952236859E0,-3.472965625E0,1.439595285E-2,1.490165004E2,4.743203210E0,3.365495557E0
8.907344830E2,5.230650342E1,4.952237426E0,-3.578705135E0,4.613501743E-3,1.490165008E2,4.743230130E0,3.365457616E0
8.917344896E2,5.230650367E1,4.952237638E0,-3.607576570E0,0.000000000E0,1.490165010E2,4.743230727E0,3.365456775E0
8.927344972E2,5.230650429E1,4.952239193E0,-3.729131754E0,1.237062045E-2,1.490165022E2,4.743138162E0,3.365587231E0
8.937345034E2,5.230650433E1,4.952239153E0,-3.726682511E0,0.000000000E0,1.490165021E2,4.742989210E0,3.365797139E0
8.947345098E2,5.230650433E1,4.952239153E0,-3.726682511E0,0.000000000E0,1.490165021E2,4.742906189E0,3.365914128E0
8.957345170E2,5.230650602E1,4.952243400E0,-4.161319655E0,2.673034899E-2,1.490165054E2,4.742852354E0,3.365989986E0
8.967345240E2,5.230650648E1,4.952243962E0,-4.240616336E0,0.000000000E0,1.490165058E2,4.742762383E0,3.366116755E0
8.977345304E2,5.230650648E1,4.952243962E0,-4.240616336E0,0.000000000E0,1.490165058E2,4.742669574E0,3.366247518E0
8.987345382E2,5.230650680E1,4.952244604E0,-4.447090201E0,4.596015984E-3,1.490165063E2,4.742750207E0,3.366133911E0
8.997345444E2,5.230650720E1,4.952245785E0,-4.633067578E0,6.451565051E-3,1.490165072E2,4.742863367E0,3.365974467E0