"Time (s)","Distance (cm)"
2.577041625E-3,5.000000000E0